Character	Character Label	State Symbol	State Label	Entity ID	Entity Label	Quality ID	Quality Label	Related Entity ID	Related Entity Label
1	Dentition, replacement (E85)	0	develop lingually, large resorption pit	UBERON:0018296	'replacement tooth'	PATO:0002261	'located in'	BSPO:0000067 and (BFO:0000050 some UBERON:0003672)	'medial side' and (part_of some dentition)
1	Dentition, replacement (E85)	0	develop lingually, large resorption pit	UBERON:0018297	'resorption pit'	PATO:0000586	'increased size'		
1	Dentition, replacement (E85)	1	posterolingually, resorption pit	UBERON:0018296	'replacement tooth'	PATO:0002261	'located in'	BSPO:0000072 and (BFO:0000050 some (BSPO:0000067 and (BFO:0000050 some UBERON:0003672)))	'posterior region' and (part_of some ('medial side' and (part_of some dentition)))
1	Dentition, replacement (E85)	1	posterolingually, resorption pit	UBERON:0018297	'resorption pit'	PATO:0000467	present		
1	Dentition, replacement (E85)	2	posterolingually, no resorption pit	UBERON:0018296	'replacement tooth'	PATO:0002261	'located in'	BSPO:0000072 and (BFO:0000050 some (BSPO:0000067 and (BFO:0000050 some UBERON:0003672)))	'posterior region' and (part_of some ('medial side' and (part_of some dentition)))
1	Dentition, replacement (E85)	2	posterolingually, no resorption pit	UBERON:0018297	'resorption pit'	PATO:0000462	absent		
2	BRC supraoccipital, nuchal crest, number per side	0	one	UBERONTEMP:043616cc-abac-415d-b5e7-b0e96d27c4ba	'nuchal crest'	PATOTEMP:499c1f37-c1fe-456a-86be-ce5f94a44782	single		
2	BRC supraoccipital, nuchal crest, number per side	1	two, splits dorsally into anterior and posterior crests, which together outline a raised triangular area on the dorsal surface of skull roof	UBERONTEMP:043616cc-abac-415d-b5e7-b0e96d27c4ba	'nuchal crest'	PATO:0001784	bifurcated		
3	Hemipenis, m. retractor lateralis posterior substantial situation within hemipenial sheath (FE-63)	0	absent	UBERON:0017098	'retractor lateralis posterior muscle'	PATO:0001505	'separated from'	UBERON:4100111	'hemipenal sheath'
3	Hemipenis, m. retractor lateralis posterior substantial situation within hemipenial sheath (FE-63)	1	present	UBERON:0017098	'retractor lateralis posterior muscle'	PATO:0002261	'located in'	UBERON:4100111	'hemipenal sheath'
4	Caudal vertebrae, dorsoventral height (including the neural spines and chevrons) (Bm-oid9)	0	less than 3 times length of centrum	UBERON:0001095	'caudal vertebra'	PATO:0000569	'decreased height'		
4	Caudal vertebrae, dorsoventral height (including the neural spines and chevrons) (Bm-oid9)	1	greater than 3 times length of centrum	UBERON:0001095	'caudal vertebra'	PATO:0000570	'increased height'		
5	Inner ear, ciliary restraint for hair cells (E-140)	0	tectorial, lacking sallet systems	UBERONTEMP:9784fd41-af57-4b35-8fd6-6f64196109a7	'tectorial system'	PATO:0000467	present		
5	Inner ear, ciliary restraint for hair cells (E-140)	0	tectorial, lacking sallet systems	UBERONTEMP:657f231c-3c4d-4853-a17f-82c710315be6	'sallet system'	PATO:0000462	absent		
5	Inner ear, ciliary restraint for hair cells (E-140)	1	tectorial and sallet	UBERONTEMP:9784fd41-af57-4b35-8fd6-6f64196109a7	'tectorial system'	PATO:0000467	present		
5	Inner ear, ciliary restraint for hair cells (E-140)	1	tectorial and sallet	UBERONTEMP:657f231c-3c4d-4853-a17f-82c710315be6	'sallet system'	PATO:0000467	present		
5	Inner ear, ciliary restraint for hair cells (E-140)	2	more than 1/2 hair cells inertial	UBERONTEMP:ba10737a-6aef-4435-b85f-4761b4978e5f	'ciliary restraint'	PATOTEMP:a37eda36-7bb0-4386-a24d-383cf3a9d474	inertial		
6	Dorsal process of premaxilla	0	absent or poorly defined with only partial contact with nasal bone	UBERON:3000003	'alary process of premaxilla'	PATO:0005013	'incomplete structure'		
6	Dorsal process of premaxilla	1	short but well-defined, separating the tips of the nasals or overlapp	UBERON:3000003	'alary process of premaxilla'	PATO:0001961	'in contact with'	UBERON:0001681	'nasal bone'
6	Dorsal process of premaxilla	2	strong posterior extension separating nasals and contacting frontal	UBERON:3000003	'alary process of premaxilla'	PATO:0001961	'in contact with'	UBERON:0000209	'tetrapod frontal bone'
6	Dorsal process of premaxilla	3	extension of dorsa	UBERON:3000003	'alary process of premaxilla'	PATO:0002488	overlapping	UBERON:0000209	'tetrapod frontal bone'
6	Dorsal process of premaxilla	4	State 4						
7	Pelage - Basal bulb presence	0	no basal bulb, proximal third of hair filament is of roughly uniform diameter	BSPO:0000077 and (BFO:0000050 some UBERON:0002074)	'proximal region' and (part_of some 'hair shaft')	PATO:0005022	'uniform diameter'		
7	Pelage - Basal bulb presence	1	basal bulb present in proximal third of of hair filiment	BSPO:0000077 and (BFO:0000050 some UBERON:0002074)	'proximal region' and (part_of some 'hair shaft')	PATO:0001851	swollen		
8	Thoracic vertebrae 1 and 2:	0	ventral process absent or present and blade-like	UBERON:0018367 and (BFO:0000050 some UBERON:0004626)	'processus ventralis of thoracic vertebra' and (part_of some 'thoracic vertebra 1')	PATO:0000462	absent		
8	Thoracic vertebrae 1 and 2:	0	ventral process absent or present and blade-like	UBERON:0018367 and (BFO:0000050 some UBERON:0004626)	'processus ventralis of thoracic vertebra' and (part_of some 'thoracic vertebra 1')	PATO:0002235	blade-like		
8	Thoracic vertebrae 1 and 2:	0	ventral process absent or present and blade-like	UBERON:0018367 and (BFO:0000050 some UBERON:0004627)	'processus ventralis of thoracic vertebra' and (part_of some 'thoracic vertebra 2')	PATO:0000462	absent		
8	Thoracic vertebrae 1 and 2:	0	ventral process absent or present and blade-like	UBERON:0018367 and (BFO:0000050 some UBERON:0004627)	'processus ventralis of thoracic vertebra' and (part_of some 'thoracic vertebra 2')	PATO:0002235	blade-like		
8	Thoracic vertebrae 1 and 2:	1	trifid processus ventralis with 2 lateral projections on thoracic 1 and 2	UBERON:0018367 and (BFO:0000050 some UBERON:0004626)	'processus ventralis of thoracic vertebra' and (part_of some 'thoracic vertebra 1')	PATO:0001890	tripartite		
8	Thoracic vertebrae 1 and 2:	1	trifid processus ventralis with 2 lateral projections on thoracic 1 and 2	UBERON:0004529 and (BFO:0000050 some (BSPO:0000082 and (BFO:0000050 some (UBERON:0018367 and (BFO:0000050 some UBERON:0004626)))))	'anatomical projection' and (part_of some ('lateral region' and (part_of some ('processus ventralis of thoracic vertebra' and (part_of some 'thoracic vertebra 1')))))	PATO:0000467	present		
8	Thoracic vertebrae 1 and 2:	1	trifid processus ventralis with 2 lateral projections on thoracic 1 and 2	UBERON:0018367 and (BFO:0000050 some UBERON:0004627)	'processus ventralis of thoracic vertebra' and (part_of some 'thoracic vertebra 2')	PATO:0001890	tripartite		
8	Thoracic vertebrae 1 and 2:	1	trifid processus ventralis with 2 lateral projections on thoracic 1 and 2	UBERON:0004529 and (BFO:0000050 some (BSPO:0000082 and (BFO:0000050 some (UBERON:0018367 and (BFO:0000050 some UBERON:0004627)))))	'anatomical projection' and (part_of some ('lateral region' and (part_of some ('processus ventralis of thoracic vertebra' and (part_of some 'thoracic vertebra 2')))))	PATO:0000467	present		
9	Anal fin with double base-plate	0	absent	UBERONTEMP:1a260624-dd7f-4984-a989-789d6e961a3c	'double base-plate'	PATO:0000462	absent		
9	Anal fin with double base-plate	1	present	UBERONTEMP:1a260624-dd7f-4984-a989-789d6e961a3c	'double base-plate'	PATO:0000467	present		
10	Craniomandibular joint	0	posterior to occiput	UBERONTEMP:160a7d88-ce21-4e9f-bc46-5cb40d86b259	'craniomandibular joint'	PATO:0001633	'posterior to'	UBERON:0006054	'surface of occiput'
10	Craniomandibular joint	1	even with occiput	UBERONTEMP:160a7d88-ce21-4e9f-bc46-5cb40d86b259	'craniomandibular joint'	PATO:0001653	'aligned with'	UBERON:0006054	'surface of occiput'
10	Craniomandibular joint	2	anterior to occiput	UBERONTEMP:160a7d88-ce21-4e9f-bc46-5cb40d86b259	'craniomandibular joint'	PATO:0001632	'anterior to'	UBERON:0006054	'surface of occiput'
11	Humerus, distal end, ventral supracondylar tubercle:	0	low tubercle	UBERON:0018371	'ventral supracondylar tubercle'	PATO:0000569	'decreased height'		
11	Humerus, distal end, ventral supracondylar tubercle:	1	elongated and narrow process	UBERON:0018371	'ventral supracondylar tubercle'	PATO:0001154	elongated		
11	Humerus, distal end, ventral supracondylar tubercle:	1	elongated and narrow process	UBERON:0018371	'ventral supracondylar tubercle'	PATO:0002212	slender		
12	Dorsal cloacal glands in female:	0	absent	UBERON:0017164	'dorsal cloacal gland'	PATO:0000462	absent		
12	Dorsal cloacal glands in female:	1	present	UBERON:0017164	'dorsal cloacal gland'	PATO:0000467	present		
13	Sacral vertebrae, functional (DeBC-72)	0	present	UBERON:0001094	'sacral vertebra'	PATO:0001667	'attached to'	UBERON:0001273	ilium
13	Sacral vertebrae, functional (DeBC-72)	1	absent	UBERON:0001094	'sacral vertebra'	PATO:0001505	'separated from'	UBERON:0001273	ilium
14	Articular	0	present as separate element	UBERON:2001805	'articular bone'	PATO:0000651	'unfused from'	UBERON:0011637	'prearticular bone'
14	Articular	1	fused with prearticular	UBERON:2001805	'articular bone'	PATO:0000642	'fused with'	UBERON:0011637	'prearticular bone'
15	Ulna distinctly exceeding humerus in length:	0	no	UBERON:0001424	ulna	PATO:0000122 and (PHENOSCAPE:complement_of some (PATO:0000122 and (PATO:0002305 some (PATO:0000122 and (BFO:0000052 some UBERON:0000976)))))	length and (not some (length and (increased_in_magnitude_relative_to some (length and (inheres_in some humerus)))))		
15	Ulna distinctly exceeding humerus in length:	1	yes	UBERON:0001424	ulna	PATO:0000122 and (PATO:0002305 some (PATO:0000122 and (BFO:0000052 some UBERON:0000976)))	length and (increased_in_magnitude_relative_to some (length and (inheres_in some humerus)))		
16	Extent of epidermis in female cloacal chamber:	0	epidermal lining does notextend to anterior one half of cloacal cha	UBERON:0001003 and (BFO:0000050 some (BSPO:0000071 and (BFO:0000050 some (UBERON:0000162 and (BFO:0000050 some UBERON:0003100)))))	epidermis and (part_of some ('anterior region' and (part_of some (cloaca and (part_of some 'female organism')))))	PATO:0000462	absent		
16	Extent of epidermis in female cloacal chamber:	1	does extend into anteriorone-half of chamber	UBERON:0001003 and (BFO:0000050 some (BSPO:0000071 and (BFO:0000050 some (UBERON:0000162 and (BFO:0000050 some UBERON:0003100)))))	epidermis and (part_of some ('anterior region' and (part_of some (cloaca and (part_of some 'female organism')))))	PATO:0000467	present		
17	Fused puboischiadic bar	0	absent	UBERON:4200135	'puboischiadic bar'	PATO:0000462	absent		
17	Fused puboischiadic bar	1	present	UBERON:4200135	'puboischiadic bar'	PATO:0000467	present		
18	Vomers, fusion	0	absent	UBERON:0002396	vomer	PATOTEMP:90107b2b-e954-4469-8e9f-f19a5c6eb557	paired		
18	Vomers, fusion	1	present	UBERON:0002396	vomer	PATOTEMP:499c1f37-c1fe-456a-86be-ce5f94a44782	single		
19	Premaxilla, incisive process (GNC-46)	0	single	UBERON:0017249	'incisive process of premaxilla'	PATOTEMP:499c1f37-c1fe-456a-86be-ce5f94a44782	single		
19	Premaxilla, incisive process (GNC-46)	1	bipartite	UBERON:0017249	'incisive process of premaxilla'	PATO:0002533	bipartite		
19	Premaxilla, incisive process (GNC-46)	2	absent	UBERON:0017249	'incisive process of premaxilla'	PATO:0000462	absent		
20	Squamosal contact with the parietal or other roofing elements:	0	contact present	UBERON:0001695	'squamous part of temporal bone'	PATO:0001961	'in contact with'	UBERON:0004339	'vault of skull'
20	Squamosal contact with the parietal or other roofing elements:	1	absent	UBERON:0001695	'squamous part of temporal bone'	PATO:0001505	'separated from'	UBERON:0004339	'vault of skull'
21	Manual phalanx II-1, dorsal fossa:	0	single depression	UBERON:0004704 and (BFO:0000050 some (BSPO:0000079 and (BFO:0000050 some UBERON:0004328)))	'bone fossa' and (part_of some ('dorsal region' and (part_of some 'proximal phalanx of manual digit 2')))	PATO:0002034	undivided		
21	Manual phalanx II-1, dorsal fossa:	1	divided into two depressions or fenestrae separated by a distinct oblique bulge	UBERON:0004704 and (BFO:0000050 some (BSPO:0000079 and (BFO:0000050 some UBERON:0004328)))	'bone fossa' and (part_of some ('dorsal region' and (part_of some 'proximal phalanx of manual digit 2')))	PATO:0002533	bipartite		
21	Manual phalanx II-1, dorsal fossa:	1	divided into two depressions or fenestrae separated by a distinct oblique bulge	UBERON:0018306 and (BFO:0000050 some (BSPO:0000079 and (BFO:0000050 some UBERON:0004328)))	bulge and (part_of some ('dorsal region' and (part_of some 'proximal phalanx of manual digit 2')))	PATO:0000463	conspicuous		
21	Manual phalanx II-1, dorsal fossa:	1	divided into two depressions or fenestrae separated by a distinct oblique bulge	UBERON:0018306 and (BFO:0000050 some (BSPO:0000079 and (BFO:0000050 some UBERON:0004328)))	bulge and (part_of some ('dorsal region' and (part_of some 'proximal phalanx of manual digit 2')))	PATO:0002481	'oblique orientation'		
22	Gill rakers	0	longer than wide	UBERON:2000356	'gill raker'	PATO:0001154	elongated		
22	Gill rakers	1	wider than long	UBERON:2000356	'gill raker'	PATO:0002359	broad		
23	Maxillae, contact at midline behind nasal process of premaxilla (FE-2)	0	absent	BSPO:0000067 and (BFO:0000050 some (UBERON:0002397 and (BSPO:0000099 some UBERON:0018341)))	'medial side' and (part_of some (maxilla and (posterior_to some 'nasal process of premaxilla')))	PATO:0001505	'separated from'	BSPO:0000067 and (BFO:0000050 some (UBERON:0002397 and (BSPO:0000099 some UBERON:0018341)))	'medial side' and (part_of some (maxilla and (posterior_to some 'nasal process of premaxilla')))
23	Maxillae, contact at midline behind nasal process of premaxilla (FE-2)	1	present	BSPO:0000067 and (BFO:0000050 some (UBERON:0002397 and (BSPO:0000099 some UBERON:0018341)))	'medial side' and (part_of some (maxilla and (posterior_to some 'nasal process of premaxilla')))	PATO:0001961	'in contact with'	BSPO:0000067 and (BFO:0000050 some (UBERON:0002397 and (BSPO:0000099 some UBERON:0018341)))	'medial side' and (part_of some (maxilla and (posterior_to some 'nasal process of premaxilla')))
24	Quadrate, proximal portion, lateral condyle separated from the medial condyle by a deep but narrow furrow:	0	no	UBERON:0006846 and (BFO:0000050 some (BSPO:0000077 and (BFO:0000050 some UBERON:0006597)))	groove and (part_of some ('proximal region' and (part_of some 'quadrate bone')))	PATO:0000462	absent		
24	Quadrate, proximal portion, lateral condyle separated from the medial condyle by a deep but narrow furrow:	1	yes	UBERON:0006846 and (BFO:0000050 some (BSPO:0000077 and (BFO:0000050 some UBERON:0006597)))	groove and (part_of some ('proximal region' and (part_of some 'quadrate bone')))	PATO:0001596	'increased depth'		
24	Quadrate, proximal portion, lateral condyle separated from the medial condyle by a deep but narrow furrow:	1	yes	UBERON:0006846 and (BFO:0000050 some (BSPO:0000077 and (BFO:0000050 some UBERON:0006597)))	groove and (part_of some ('proximal region' and (part_of some 'quadrate bone')))	PATO:0000599	'decreased width'		
25	Intertarsal sesamoid:	0	absent	UBERON:0017261	'intertarsal sesamoid'	PATO:0000462	absent		
25	Intertarsal sesamoid:	1	present	UBERON:0017261	'intertarsal sesamoid'	PATO:0000467	present		
26	Pelvic fins	0	set apart, with a clear space between fins	UBERON:0000152 and (BSPO:0000120 some UBERON:0000468)	'pelvic fin' and (in_left_side_of some 'multicellular organism')	PATO:0001505	'separated from'	UBERON:0000152 and (BSPO:0000121 some UBERON:0000468)	'pelvic fin' and (in_right_side_of some 'multicellular organism')
26	Pelvic fins	1	closely set, slightly overlapping	UBERON:0000152 and (BSPO:0000120 some UBERON:0000468)	'pelvic fin' and (in_left_side_of some 'multicellular organism')	PATO:0002488	overlapping	UBERON:0000152 and (BSPO:0000121 some UBERON:0000468)	'pelvic fin' and (in_right_side_of some 'multicellular organism')
27	Postatlantal ribs	0	bicapitate	UBERON:0002228	rib	PATOTEMP:05e2dbcc-ba43-40e1-a80c-af1fdcb368b2	bicapitate		
27	Postatlantal ribs	1	unicapitate	UBERON:0002228	rib	PATOTEMP:09c64970-0329-4bad-9e19-2d2a9995742c	unicapitate		
28	Caudal spot expansion	0	caudal spot restricted to caudal fin	UBERONTEMP:a8fd6c8c-5029-4740-8e0c-99856641de75	'caudal spot'	PATO:0000467	present		
28	Caudal spot expansion	1	caudal spot continues across caudal peduncle as part of a horizontal band	UBERONTEMP:a8fd6c8c-5029-4740-8e0c-99856641de75	'caudal spot'	PATO:0005011	'continuous with'	UBERON:2002284 and (BFO:0000050 some UBERON:2000178) and (BFO:0000053 some PATOTEMP:a5ae04f1-1601-4881-b043-f326b6a2861b)	'body marking' and (part_of some 'caudal peduncle') and (bearer_of some 'horizontal band')
29	Lateral pelvic glands:	0	absent in males	UBERON:4300130	'lateral pelvic gland'	PATO:0000462	absent		
29	Lateral pelvic glands:	1	present	UBERON:4300130	'lateral pelvic gland'	PATO:0000467	present		
30	Retroarticular and process of anguloarticular on same vertical plane	0	no	UBERON:2000422	'retroarticular'	PATO:0001633	'posterior to'	UBERON:4100000 and (BFO:0000050 some UBERON:0004744)	'skeletal element projection' and (part_of some 'articular/anguloarticular')
30	Retroarticular and process of anguloarticular on same vertical plane	1	yes	UBERON:2000422	'retroarticular'	PATOTEMP:b65b4440-adac-459d-a9ec-dd491662621e	'aligned vertically with'	UBERON:4100000 and (BFO:0000050 some UBERON:0004744)	'skeletal element projection' and (part_of some 'articular/anguloarticular')
31	Rostrum, dense neurovascular pitting:	0	absent	UBERON:0005094	beak	PATO:0000141 and (PHENOSCAPE:complement_of some PATOTEMP:83838d86-b1f2-49ab-84e7-27e0a6983134)	structure and (not some 'neurovascular pitting')		
31	Rostrum, dense neurovascular pitting:	1	present	UBERON:0005094	beak	PATOTEMP:83838d86-b1f2-49ab-84e7-27e0a6983134	'neurovascular pitting'		
32	M. flexor cruris lateralis, pars accessoria:	0	present	UBERON:0017102	'flexor cruris lateralis pars accessoria muscle'	PATO:0000467	present		
32	M. flexor cruris lateralis, pars accessoria:	1	absent	UBERON:0017102	'flexor cruris lateralis pars accessoria muscle'	PATO:0000462	absent		
33	Pterygoid process	0	triradiate with distinct anterolateral and posterolateral processes	UBERON:0010389	'pterygoid bone'	PATO:0002391	triradiate		
33	Pterygoid process	1	with an additional distinct anteromedial process	UBERON:0010389	'pterygoid bone'	PATO:0002391	triradiate		
33	Pterygoid process	1	with an additional distinct anteromedial process	UBERON:0004529 and (BFO:0000050 some UBERON:0010389)	'anatomical projection' and (part_of some 'pterygoid bone')	PATO:0002514	'anteromedial orientation'		
33	Pterygoid process	2	boomerang-shaped with distinct anteromedial and posterolateral pr	UBERON:0010389	'pterygoid bone'	PATOTEMP:22a6171a-d202-4f19-baa9-e90d18079c0f	'boomerang-shaped'		
33	Pterygoid process	3	bar-like/vestigial	UBERON:0010389	'pterygoid bone'	PATOTEMP:517eec99-06f8-46b2-a906-c20b72edcd9d	'bar-like'		
33	Pterygoid process	3	bar-like/vestigial	UBERON:0010389	'pterygoid bone'	PATO:0000588	vestigial		
33	Pterygoid process	4	absent	UBERON:0010389	'pterygoid bone'	PATO:0000462	absent		
34	Basisphenoid, relationship with the posterior opening of the Vidian canal (E53)	0	houses it	UBERONTEMP:93300be9-c8a2-4683-bf24-aac2a855eac6 and (BFO:0000050 some (BSPO:0000072 and (BFO:0000050 some UBERON:0018373)))	opening and (part_of some ('posterior region' and (part_of some 'vidian canal')))	PATO:0002261	'located in'	UBERON:0006428	'basisphenoid bone'
34	Basisphenoid, relationship with the posterior opening of the Vidian canal (E53)	1	share it with the prootic	UBERONTEMP:93300be9-c8a2-4683-bf24-aac2a855eac6 and (BFO:0000050 some (BSPO:0000072 and (BFO:0000050 some UBERON:0018373)))	opening and (part_of some ('posterior region' and (part_of some 'vidian canal')))	PATO:0002261	'located in'	UBERON:0006428	'basisphenoid bone'
34	Basisphenoid, relationship with the posterior opening of the Vidian canal (E53)	1	share it with the prootic	UBERONTEMP:93300be9-c8a2-4683-bf24-aac2a855eac6 and (BFO:0000050 some (BSPO:0000072 and (BFO:0000050 some UBERON:0018373)))	opening and (part_of some ('posterior region' and (part_of some 'vidian canal')))	PATO:0002261	'located in'	UBERON:0004746	'prootic bone'
34	Basisphenoid, relationship with the posterior opening of the Vidian canal (E53)	2	within prootic	UBERONTEMP:93300be9-c8a2-4683-bf24-aac2a855eac6 and (BFO:0000050 some (BSPO:0000072 and (BFO:0000050 some UBERON:0018373)))	opening and (part_of some ('posterior region' and (part_of some 'vidian canal')))	PATO:0002261	'located in'	UBERON:0004746	'prootic bone'
34	Basisphenoid, relationship with the posterior opening of the Vidian canal (E53)	3	shared wtih parietal	UBERONTEMP:93300be9-c8a2-4683-bf24-aac2a855eac6 and (BFO:0000050 some (BSPO:0000072 and (BFO:0000050 some UBERON:0018373)))	opening and (part_of some ('posterior region' and (part_of some 'vidian canal')))	PATO:0002261	'located in'	UBERON:0006428	'basisphenoid bone'
34	Basisphenoid, relationship with the posterior opening of the Vidian canal (E53)	3	shared wtih parietal	UBERONTEMP:93300be9-c8a2-4683-bf24-aac2a855eac6 and (BFO:0000050 some (BSPO:0000072 and (BFO:0000050 some UBERON:0018373)))	opening and (part_of some ('posterior region' and (part_of some 'vidian canal')))	PATO:0002261	'located in'	UBERON:0000210	'tetrapod parietal bone'
35	C1 presence of upper canine UC1	0	present	UBERON:0018621	'upper canine tooth'	PATO:0000467	present		
35	C1 presence of upper canine UC1	1	absent	UBERON:0018621	'upper canine tooth'	PATO:0000462	absent		
36	Tooth cusps on lower pharyngobranchial toothplate	0	unicuspid (simple teeth)	UBERON:0001091 and (BFO:0000050 some UBERON:0018283)	'calcareous tooth' and (part_of some 'lower pharyngobranchial toothplate')	PATO:0005021	unicuspidate		
36	Tooth cusps on lower pharyngobranchial toothplate	1	bicuspid or molariform	UBERON:0001091 and (BFO:0000050 some UBERON:0018283)	'calcareous tooth' and (part_of some 'lower pharyngobranchial toothplate')	PATOTEMP:85fc2166-d11b-4aae-95f5-21522ee77e9c	bicuspid		
36	Tooth cusps on lower pharyngobranchial toothplate	1	bicuspid or molariform	UBERON:0001091 and (BFO:0000050 some UBERON:0018283)	'calcareous tooth' and (part_of some 'lower pharyngobranchial toothplate')	PATO:0005009	molariform		
37	Cheek scales	0	asquamate in part of region between eye and origin of mouth	UBERON:0018312	'cheek scale'	PATOTEMP:9cc98a1a-825a-4b19-9859-219e4c72f26e	'discontinuously distributed'		
37	Cheek scales	1	scales present throughout region between eye and origin of mouth	UBERON:0018312	'cheek scale'	PATOTEMP:ed9e88eb-3494-40d8-88ba-3883a7e5ebbf	'continuously distributed'		
38	Squamation, bony tubercles	0	absent	UBERONTEMP:3b77fb04-1e62-43af-a84b-5d5eb7388525	'bony tubercle'	PATO:0000462	absent		
38	Squamation, bony tubercles	1	present as individual tubercular osteoderms	UBERONTEMP:3b77fb04-1e62-43af-a84b-5d5eb7388525	'bony tubercle'	PATO:0000467	present		
38	Squamation, bony tubercles	1	present as individual tubercular osteoderms	UBERONTEMP:e721be0d-84cc-4420-be39-a96b9f84becc	osteoderm	PATO:0000467	present		
38	Squamation, bony tubercles	2	present as osteoscutes covered with multiple tubercles	UBERONTEMP:3b77fb04-1e62-43af-a84b-5d5eb7388525	'bony tubercle'	PATO:0000467	present		
38	Squamation, bony tubercles	2	present as osteoscutes covered with multiple tubercles	UBERONTEMP:080c03c2-7703-4e20-86a6-92044baec6b3	osteoscute	PATO:0000467	present		
39	Pitting on dorsal osteoderms	0	absent	UBERON:0018317	'dorsal osteoderm'	PATO:0000701	smooth		
39	Pitting on dorsal osteoderms	1	present as subspherical pits	UBERON:0018317	'dorsal osteoderm'	PATOTEMP:31bc4d29-9a48-4581-be6f-41132c77efb7	'subspherical pitting'		
39	Pitting on dorsal osteoderms	2	present as elongate pits	UBERON:0018317	'dorsal osteoderm'	PATOTEMP:90175bd2-30b1-4133-8ff4-223f0f820d83	'elongate pitting'		
39	Pitting on dorsal osteoderms	3	mixture of subspherical and elongate pits	UBERON:0018317	'dorsal osteoderm'	PATOTEMP:31bc4d29-9a48-4581-be6f-41132c77efb7	'subspherical pitting'		
39	Pitting on dorsal osteoderms	3	mixture of subspherical and elongate pits	UBERON:0018317	'dorsal osteoderm'	PATOTEMP:90175bd2-30b1-4133-8ff4-223f0f820d83	'elongate pitting'		
40	RPL nasal, anterior edge, shape	0	midline is positioned posterior to lateral extremity	BSPO:0000671 and (BFO:0000050 some UBERON:0001681)	'anterior margin' and (part_of some 'nasal bone')	PATO:0001857	concave		
40	RPL nasal, anterior edge, shape	1	relatively straight	BSPO:0000671 and (BFO:0000050 some UBERON:0001681)	'anterior margin' and (part_of some 'nasal bone')	PATO:0002180	straight		
40	RPL nasal, anterior edge, shape	2	midline is positioned anterior to lateral extremity	BSPO:0000671 and (BFO:0000050 some UBERON:0001681)	'anterior margin' and (part_of some 'nasal bone')	PATO:0001355	convex		
41	Pelvic plate semicircular with anterolateral concavity	0	absent	UBERONTEMP:77dc0e17-6de8-4115-a7f6-9e692dab9029	'pelvic plate'	PATO:0000052 and (PHENOSCAPE:complement_of some PATO:0002232)	shape and (not some semicircular)		
41	Pelvic plate semicircular with anterolateral concavity	0	absent	BSPO:0000082 and (BFO:0000050 some (BSPO:0000071 and (BFO:0000050 some UBERONTEMP:77dc0e17-6de8-4115-a7f6-9e692dab9029)))	'lateral region' and (part_of some ('anterior region' and (part_of some 'pelvic plate')))	PATO:0000052 and (PHENOSCAPE:complement_of some PATO:0001857)	shape and (not some concave)		
41	Pelvic plate semicircular with anterolateral concavity	1	present	UBERONTEMP:77dc0e17-6de8-4115-a7f6-9e692dab9029	'pelvic plate'	PATO:0002232	semicircular		
41	Pelvic plate semicircular with anterolateral concavity	1	present	BSPO:0000082 and (BFO:0000050 some (BSPO:0000071 and (BFO:0000050 some UBERONTEMP:77dc0e17-6de8-4115-a7f6-9e692dab9029)))	'lateral region' and (part_of some ('anterior region' and (part_of some 'pelvic plate')))	PATO:0001857	concave		
42	Maxillary tooth cross-section	0	labiolingually compressed	UBERON:0011593	'maxillary tooth'	PATO:0000921 and (PATO:0002304 some (PATO:0000122 and (BFO:0000052 some UBERON:0011593)))	width and (decreased_in_magnitude_relative_to some (length and (inheres_in some 'maxillary tooth')))		
42	Maxillary tooth cross-section	1	nearly circular	UBERON:0011593	'maxillary tooth'	PATO:0002397	subcircular		
42	Maxillary tooth cross-section	2	mesiodistally compressed	UBERON:0011593	'maxillary tooth'	PATO:0000122 and (PATO:0002304 some (PATO:0000921 and (BFO:0000052 some UBERON:0011593)))	length and (decreased_in_magnitude_relative_to some (width and (inheres_in some 'maxillary tooth')))		
43	Shape of atlas centrum in ventral view:	0	roughly equal in length to postatlantals	UBERON:2001983	'centrum 1'	PATO:0000122 and (PATO:0002306 some (PATO:0000122 and (BFO:0000052 some (UBERON:0001075 and (BFO:0000050 some UBERONTEMP:6be80d29-edb2-4da5-ae46-0ceed67a11fb)))))	length and (similar_in_magnitude_relative_to some (length and (inheres_in some ('vertebral centrum' and (part_of some 'postatlantal vertebra')))))		
43	Shape of atlas centrum in ventral view:	1	much shorter	UBERON:2001983	'centrum 1'	PATO:0000122 and (PATO:0002304 some (PATO:0000122 and (BFO:0000052 some (UBERON:0001075 and (BFO:0000050 some UBERONTEMP:6be80d29-edb2-4da5-ae46-0ceed67a11fb)))))	length and (decreased_in_magnitude_relative_to some (length and (inheres_in some ('vertebral centrum' and (part_of some 'postatlantal vertebra')))))		
43	Shape of atlas centrum in ventral view:	2	longer	UBERON:2001983	'centrum 1'	PATO:0000122 and (PATO:0002305 some (PATO:0000122 and (BFO:0000052 some (UBERON:0001075 and (BFO:0000050 some UBERONTEMP:6be80d29-edb2-4da5-ae46-0ceed67a11fb)))))	length and (increased_in_magnitude_relative_to some (length and (inheres_in some ('vertebral centrum' and (part_of some 'postatlantal vertebra')))))		
44	Axial radials articulate with pre-and post-axial radials	0	absent	UBERONTEMP:8c5bfe06-2d2f-4fb0-a007-d95f0c9d6ff0 and (RO:0002170 some UBERONTEMP:1464c6a6-3dfd-4012-a7f9-2345d6c35a4d)	'axial radial' and (connected_to some 'pre-axial radial')	PATO:0000462	absent		
44	Axial radials articulate with pre-and post-axial radials	0	absent	UBERONTEMP:8c5bfe06-2d2f-4fb0-a007-d95f0c9d6ff0 and (RO:0002170 some UBERONTEMP:f8e06136-ea33-4350-86f8-ae94bee54e43)	'axial radial' and (connected_to some 'post-axial radial')	PATO:0000462	absent		
44	Axial radials articulate with pre-and post-axial radials	1	present	UBERONTEMP:8c5bfe06-2d2f-4fb0-a007-d95f0c9d6ff0 and (RO:0002170 some UBERONTEMP:1464c6a6-3dfd-4012-a7f9-2345d6c35a4d)	'axial radial' and (connected_to some 'pre-axial radial')	PATO:0000467	present		
44	Axial radials articulate with pre-and post-axial radials	1	present	UBERONTEMP:8c5bfe06-2d2f-4fb0-a007-d95f0c9d6ff0 and (RO:0002170 some UBERONTEMP:f8e06136-ea33-4350-86f8-ae94bee54e43)	'axial radial' and (connected_to some 'post-axial radial')	PATO:0000467	present		
45	Claspers with 'toothed' plate	0	absent	UBERON:0010516	clasper	PATO:0001925 and (PHENOSCAPE:complement_of some PATO:0001205)	'surface feature shape' and (not some dentated)		
45	Claspers with 'toothed' plate	1	present	UBERON:0010516	clasper	PATO:0001205	dentated		
46	Central figure and surrounding segments on dorsal osteoderms	0	absent	UBERONTEMP:56dad3b4-46b2-4823-a7b2-88a10ef98ae3	'central figure'	PATO:0000462	absent		
46	Central figure and surrounding segments on dorsal osteoderms	1	present	UBERONTEMP:56dad3b4-46b2-4823-a7b2-88a10ef98ae3	'central figure'	PATO:0000467	present		
47	Retroarticular process composition	0	composed of articular only	UBERON:3000543 and (BFO:0000050 some (UBERON:0011636 or UBERON:0011079 or UBERON:0011637))	'retroarticular process' and (part_of some ('surangular bone' or 'angular bone' or 'prearticular bone'))	PATO:0000462	absent		
47	Retroarticular process composition	1	composed of several bones (three of: surangular, articular, angular, prearticular)	UBERON:3000543 and (BFO:0000050 some (UBERON:0011636 or UBERON:0011079 or UBERON:0011637))	'retroarticular process' and (part_of some ('surangular bone' or 'angular bone' or 'prearticular bone'))	PATO:0000467	present		
48	Ectethmoid:	0	no anterior or lateral expansion	BSPO:0000071 and (BFO:0000050 some UBERON:0010889)	'anterior region' and (part_of some ectethmoid)	PATO:0000117 and (PHENOSCAPE:complement_of some PATO:0000586)	size and (not some 'increased size')		
48	Ectethmoid:	0	no anterior or lateral expansion	BSPO:0000082 and (BFO:0000050 some UBERON:0010889)	'lateral region' and (part_of some ectethmoid)	PATO:0000117 and (PHENOSCAPE:complement_of some PATO:0000586)	size and (not some 'increased size')		
48	Ectethmoid:	1	greatly expanded anteriorly, plate-like, with dorsal margin largely fused with frontals	BSPO:0000071 and (BFO:0000050 some UBERON:0010889)	'anterior region' and (part_of some ectethmoid)	PATO:0000586	'increased size'		
48	Ectethmoid:	1	greatly expanded anteriorly, plate-like, with dorsal margin largely fused with frontals	UBERON:0010889	ectethmoid	PATO:0002253	platelike		
48	Ectethmoid:	1	greatly expanded anteriorly, plate-like, with dorsal margin largely fused with frontals	BSPO:0000679 and (BFO:0000050 some UBERON:0010889)	'dorsal margin' and (part_of some ectethmoid)	PATO:0000642	'fused with'	UBERON:0000209	'tetrapod frontal bone'
48	Ectethmoid:	2	greatly expanded anterolaterally, inflated, with dorsal margin largely fused with frontals	BSPO:0000071 and (BFO:0000050 some UBERON:0010889)	'anterior region' and (part_of some ectethmoid)	PATO:0000586	'increased size'		
48	Ectethmoid:	2	greatly expanded anterolaterally, inflated, with dorsal margin largely fused with frontals	BSPO:0000082 and (BFO:0000050 some UBERON:0010889)	'lateral region' and (part_of some ectethmoid)	PATO:0000586	'increased size'		
48	Ectethmoid:	2	greatly expanded anterolaterally, inflated, with dorsal margin largely fused with frontals	UBERON:0010889	ectethmoid	PATO:0002376	inflated		
48	Ectethmoid:	2	greatly expanded anterolaterally, inflated, with dorsal margin largely fused with frontals	BSPO:0000679 and (BFO:0000050 some UBERON:0010889)	'dorsal margin' and (part_of some ectethmoid)	PATO:0000642	'fused with'	UBERON:0000209	'tetrapod frontal bone'
49	Ventral lobe of tail supported by hypochordal radials extending beyond level of body wall	0	absent	UBERON:0018324	'hypochordal radial'	PATO:0000140 and (PHENOSCAPE:complement_of some PATO:0002464)	position and (not some 'extends beyond')	UBERON:0000309	'body wall'
49	Ventral lobe of tail supported by hypochordal radials extending beyond level of body wall	1	present	UBERON:0018324	'hypochordal radial'	PATO:0002464	'extends beyond'	UBERON:0000309	'body wall'
50	p1 presence of tooth replacement at Lp1 position	0	absent	UBERON:0018296 and (BFO:0000050 some UBERON:0018284)	'replacement tooth' and (part_of some 'lower premolar 1')	PATO:0000462	absent		
50	p1 presence of tooth replacement at Lp1 position	1	presence	UBERON:0018296 and (BFO:0000050 some UBERON:0018284)	'replacement tooth' and (part_of some 'lower premolar 1')	PATO:0000467	present		
51	Parietal, supratemporal processes length from the level of the parietal notch compared to the parietal anterior to that point (G30)	0	greater than 1/2	UBERON:0018365	'supratemporal process'	PATO:0000573	'increased length'		
51	Parietal, supratemporal processes length from the level of the parietal notch compared to the parietal anterior to that point (G30)	1	less than 1/2	UBERON:0018365	'supratemporal process'	PATO:0000574	'decreased length'		
51	Parietal, supratemporal processes length from the level of the parietal notch compared to the parietal anterior to that point (G30)	2	absent	UBERON:0018365	'supratemporal process'	PATO:0000462	absent		
52	Osteoderms, ventral surface of the body (E126)	0	absent	UBERONTEMP:e721be0d-84cc-4420-be39-a96b9f84becc and (BFO:0000050 some (BSPO:0000084 and (BFO:0000050 some UBERON:0000309)))	osteoderm and (part_of some ('ventral region' and (part_of some 'body wall')))	PATO:0000462	absent		
52	Osteoderms, ventral surface of the body (E126)	1	present	UBERONTEMP:e721be0d-84cc-4420-be39-a96b9f84becc and (BFO:0000050 some (BSPO:0000084 and (BFO:0000050 some UBERON:0000309)))	osteoderm and (part_of some ('ventral region' and (part_of some 'body wall')))	PATO:0000467	present		
53	BRC parietal, parietal foramina, number	0	one or two foramina	UBERON:0013685 and (BFO:0000050 some UBERON:0000210)	'foramen of skull' and (part_of some 'tetrapod parietal bone')	PATO:0000070 and (PHENOSCAPE:complement_of some PATO:0002118)	amount and (not some multiple)		
53	BRC parietal, parietal foramina, number	1	numerous foramina	UBERON:0013685 and (BFO:0000050 some UBERON:0000210)	'foramen of skull' and (part_of some 'tetrapod parietal bone')	PATO:0002118	multiple		
54	Lateral line passes through scales	0	absent	UBERON:0010202	'lateral line'	PATO:0000140 and (PHENOSCAPE:complement_of some PATOTEMP:93532faa-3257-4395-8d05-3ad8a817c343)	position and (not some 'passes through')	UBERON:0002542	scale
54	Lateral line passes through scales	1	present	UBERON:0010202	'lateral line'	PATOTEMP:93532faa-3257-4395-8d05-3ad8a817c343	'passes through'	UBERON:0002542	scale
55	Coracoid foramen	0	enclosed by coracoid only	UBERON:2001737	'coracoid foramen'	PATO:0000467	present		
55	Coracoid foramen	0	enclosed by coracoid only	UBERON:2001737 and (BFO:0000050 some UBERON:0006849)	'coracoid foramen' and (part_of some scapula)	PATO:0000462	absent		
55	Coracoid foramen	1	enclosed by scapula and coracoid	UBERON:2001737	'coracoid foramen'	PATO:0000467	present		
55	Coracoid foramen	1	enclosed by scapula and coracoid	UBERON:2001737 and (BFO:0000050 some UBERON:0006849)	'coracoid foramen' and (part_of some scapula)	PATO:0000467	present		
55	Coracoid foramen	2	absent	UBERON:2001737	'coracoid foramen'	PATO:0000462	absent		
56	Prefrontal	0	present	UBERON:0010750	'prefrontal bone'	PATO:0000467	present		
56	Prefrontal	1	absent	UBERON:0010750	'prefrontal bone'	PATO:0000462	absent		
57	Posterior extension of orbit	0	absent - orbit is nearly circular	UBERON:0001697	'orbit of skull'	PATO:0002397	subcircular		
57	Posterior extension of orbit	1	present - orbit has elongated oval shape	UBERON:0001697	'orbit of skull'	PATO:0001154	elongated		
58	Four facetted articulation of exoccipital and atlas	0	absent	UBERONTEMP:3a1a30ab-0e76-41f1-b5f9-46083dfd62e2	'four facetted articulation of exoccipital and atlas'	PATO:0000462	absent		
58	Four facetted articulation of exoccipital and atlas	1	present	UBERONTEMP:3a1a30ab-0e76-41f1-b5f9-46083dfd62e2	'four facetted articulation of exoccipital and atlas'	PATO:0000467	present		
59	Relative lengths of manual digit III and digit IV	0	IV longer	UBERON:0003624	'manual digit 4'	PATO:0000122 and (PATO:0002305 some (PATO:0000122 and (BFO:0000052 some UBERON:0003623)))	length and (increased_in_magnitude_relative_to some (length and (inheres_in some 'manual digit 3')))		
59	Relative lengths of manual digit III and digit IV	1	III longer	UBERON:0003623	'manual digit 3'	PATO:0000122 and (PATO:0002305 some (PATO:0000122 and (BFO:0000052 some UBERON:0003624)))	length and (increased_in_magnitude_relative_to some (length and (inheres_in some 'manual digit 4')))		
60	Overall body depth	0	slender or intermediate, <50% of SL	UBERON:0000468	'multicellular organism'	PATO:0002212	slender		
60	Overall body depth	1	deep bodied, depth of body greatest near midline and over 50% of SL	UBERON:0000468	'multicellular organism'	PATOTEMP:4c9173de-0026-45c4-ae15-94c5f7be4ca5	'deep bodied'		
61	Angular (RZ132)	0	present	UBERON:0011079	'angular bone'	PATO:0000467	present		
61	Angular (RZ132)	1	absent	UBERON:0011079	'angular bone'	PATO:0000462	absent		
62	Glossopharyngeal nerve foramen exits dorsally, posterior to otic capsule	0	absent	UBERON:4300132 and (BFO:0000050 some (BSPO:0000079 and (BFO:0000050 some (BSPO:0000072 and (BFO:0000050 some UBERON:0004637)))))	'glossopharyngeal nerve foramen' and (part_of some ('dorsal region' and (part_of some ('posterior region' and (part_of some 'otic capsule')))))	PATO:0000462	absent		
62	Glossopharyngeal nerve foramen exits dorsally, posterior to otic capsule	1	present	UBERON:4300132 and (BFO:0000050 some (BSPO:0000079 and (BFO:0000050 some (BSPO:0000072 and (BFO:0000050 some UBERON:0004637)))))	'glossopharyngeal nerve foramen' and (part_of some ('dorsal region' and (part_of some ('posterior region' and (part_of some 'otic capsule')))))	PATO:0000467	present		
63	Acetabular buttress	0	small	UBERONTEMP:cb7c3969-f86b-406f-91c8-55edd9cc9afa	'acetabular buttress'	PATO:0000587	'decreased size'		
63	Acetabular buttress	1	large, overhanging acetabulum	UBERONTEMP:cb7c3969-f86b-406f-91c8-55edd9cc9afa	'acetabular buttress'	PATO:0000586	'increased size'		
63	Acetabular buttress	1	large, overhanging acetabulum	UBERONTEMP:cb7c3969-f86b-406f-91c8-55edd9cc9afa	'acetabular buttress'	PATOTEMP:4f64ba78-f8f2-49ac-a6e4-a7a45344b603	overhanging		
64	Peaked caudal keel (heightened relative to dorsal keels)	0	absent (keels equal)	UBERONTEMP:2ce13942-7494-4362-88e4-998b6b265619	'caudal keel'	PATO:0000119 and (PATO:0002306 some (PATO:0000119 and (BFO:0000052 some UBERONTEMP:b6073a7c-f7d2-4395-87df-aee1b129357b)))	height and (similar_in_magnitude_relative_to some (height and (inheres_in some 'dorsal keel')))		
64	Peaked caudal keel (heightened relative to dorsal keels)	1	present	UBERONTEMP:2ce13942-7494-4362-88e4-998b6b265619	'caudal keel'	PATO:0000119 and (PATO:0002305 some (PATO:0000119 and (BFO:0000052 some UBERONTEMP:b6073a7c-f7d2-4395-87df-aee1b129357b)))	height and (increased_in_magnitude_relative_to some (height and (inheres_in some 'dorsal keel')))		
65	Origin of subclavian arteries	0	subclavian arteries displaced  cranially to originate from right or left third or fourth aortic arches	UBERON:0001533 and (RO:0002170 some (UBERON:0003120 or UBERON:0003121))	'subclavian artery' and (connected_to some ('aortic arch 3' or 'aortic arch 4'))	PATO:0000467	present		
65	Origin of subclavian arteries	1	subclavian arteries originate far anteriorly, near carotids	UBERON:0001533 and (RO:0002220 some UBERON:0001530)	'subclavian artery' and (adjacent_to some 'common carotid artery plus branches')	PATO:0000467	present		
65	Origin of subclavian arteries	2	subclavian arteries originate anterior to separation of internal and external carotids	UBERON:0001533 and (BSPO:0000096 some UBERON:0001532) and (BSPO:0000096 some UBERON:0001070)	'subclavian artery' and (anterior_to some 'internal carotid artery') and (anterior_to some 'external carotid artery')	PATO:0000467	present		
65	Origin of subclavian arteries	3							
66	Third cervical vertebra, osseous bridge from transverse process to the postzygapophysis:	0	absent	UBERON:0001077 and (BFO:0000050 some UBERONTEMP:aeb6ac70-fd18-403d-a0b9-dd03942c7812)	'transverse process of vertebra' and (part_of some 'cervical vertebra 3')	PATO:0001505	'separated from'	UBERON:0001080 and (BFO:0000050 some UBERONTEMP:aeb6ac70-fd18-403d-a0b9-dd03942c7812)	postzygapophysis and (part_of some 'cervical vertebra 3')
66	Third cervical vertebra, osseous bridge from transverse process to the postzygapophysis:	1	present	UBERON:0001077 and (BFO:0000050 some UBERONTEMP:aeb6ac70-fd18-403d-a0b9-dd03942c7812)	'transverse process of vertebra' and (part_of some 'cervical vertebra 3')	PATO:0005011	'continuous with'	UBERON:0001080 and (BFO:0000050 some UBERONTEMP:aeb6ac70-fd18-403d-a0b9-dd03942c7812)	postzygapophysis and (part_of some 'cervical vertebra 3')
67	Premaxilla, fusion into single element (LC00-1)	0	absent, paired premaxillae	UBERON:0002244	premaxilla	PATOTEMP:90107b2b-e954-4469-8e9f-f19a5c6eb557	paired		
67	Premaxilla, fusion into single element (LC00-1)	1	present	UBERON:0002244	premaxilla	PATOTEMP:499c1f37-c1fe-456a-86be-ce5f94a44782	single		
68	Hyoid articular area on posterolateral angle of otic capsule	0	absent	UBERON:0018323 and (BFO:0000050 some (BSPO:0000082 and (BFO:0000050 some (BSPO:0000072 and (BFO:0000050 some UBERON:0004637)))))	'hyoid articular area' and (part_of some ('lateral region' and (part_of some ('posterior region' and (part_of some 'otic capsule')))))	PATO:0000462	absent		
68	Hyoid articular area on posterolateral angle of otic capsule	1	present	UBERON:0018323 and (BFO:0000050 some (BSPO:0000082 and (BFO:0000050 some (BSPO:0000072 and (BFO:0000050 some UBERON:0004637)))))	'hyoid articular area' and (part_of some ('lateral region' and (part_of some ('posterior region' and (part_of some 'otic capsule')))))	PATO:0000467	present		
69	Broad suborbital shelf	0	absent	UBERON:0018361	'suborbital shelf'	PATO:0000052 and (PHENOSCAPE:complement_of some PATO:0002359)	shape and (not some broad)		
69	Broad suborbital shelf	1	present	UBERON:0018361	'suborbital shelf'	PATO:0002359	broad		
70	Palatine, secondary palate formed around choanal groove (E43)	0	absent	UBERON:0001716 and (BFO:0000050 some UBERON:0001682)	'secondary palate' and (part_of some 'palatine bone')	PATO:0000462	absent		
70	Palatine, secondary palate formed around choanal groove (E43)	1	present, ventromedial fold partly hide the choanal groove	UBERON:0001716 and (BFO:0000050 some UBERON:0001682)	'secondary palate' and (part_of some 'palatine bone')	PATO:0000587	'decreased size'		
70	Palatine, secondary palate formed around choanal groove (E43)	2	present, ventromedial processes hide most or all of the dorsomedial processes	UBERON:0001716 and (BFO:0000050 some UBERON:0001682)	'secondary palate' and (part_of some 'palatine bone')	PATO:0000586	'increased size'		
70	Palatine, secondary palate formed around choanal groove (E43)	3	contact at midline	UBERON:0001716 and (BFO:0000050 some UBERON:0001682)	'secondary palate' and (part_of some 'palatine bone')	PATO:0000586	'increased size'		
70	Palatine, secondary palate formed around choanal groove (E43)	3	contact at midline	BSPO:0000067 and (BFO:0000050 some UBERON:0001682)	'medial side' and (part_of some 'palatine bone')	PATO:0001961	'in contact with'	BSPO:0000067 and (BFO:0000050 some UBERON:0001682)	'medial side' and (part_of some 'palatine bone')
71	Foramen orbitonasale	0	absent	UBERON:3000344	'orbitonasal foramen'	PATO:0000462	absent		
71	Foramen orbitonasale	1	represented by a medial indentation on the lacrimal and a dorsal indentation on the palatine	UBERON:3000344	'orbitonasal foramen'	PATO:0000462	absent		
71	Foramen orbitonasale	1	represented by a medial indentation on the lacrimal and a dorsal indentation on the palatine	BSPO:0000083 and (BFO:0000050 some UBERON:0001680)	'medial region' and (part_of some 'lacrimal bone')	PATO:0001857	concave		
71	Foramen orbitonasale	1	represented by a medial indentation on the lacrimal and a dorsal indentation on the palatine	BSPO:0000079 and (BFO:0000050 some UBERON:0001682)	'dorsal region' and (part_of some 'palatine bone')	PATO:0001857	concave		
71	Foramen orbitonasale	2	enclosed between the prefrontal, lacrimal and palatine (or prefrontal, maxilla and palatine)	UBERON:3000344	'orbitonasal foramen'	PATO:0000467	present		
72	Calcaneum, Cuboid facet, notch on lateral margin	0	absent	BSPO:0000682 and (BFO:0000050 some UBERON:0018316)	'lateral margin' and (part_of some 'cuboid facet of calcaneum')	PATO:0000052 and (PHENOSCAPE:complement_of some PATO:0001495)	shape and (not some notched)		
72	Calcaneum, Cuboid facet, notch on lateral margin	1	present	BSPO:0000682 and (BFO:0000050 some UBERON:0018316)	'lateral margin' and (part_of some 'cuboid facet of calcaneum')	PATO:0001495	notched		
73	Coracoid, posterior emargination (E113)	0	absent	BSPO:0000072 and (BFO:0000050 some UBERON:0004743)	'posterior region' and (part_of some 'coracoid bone')	PATO:0000052 and (PHENOSCAPE:complement_of some PATO:0001495)	shape and (not some notched)		
73	Coracoid, posterior emargination (E113)	1	present	BSPO:0000072 and (BFO:0000050 some UBERON:0004743)	'posterior region' and (part_of some 'coracoid bone')	PATO:0001495	notched		
74	Ectopterygoid teeth	0	present	UBERON:0001091 and (RO:0002371 some UBERON:0011634)	'calcareous tooth' and (attaches_to some 'ectopterygoid bone')	PATO:0000467	present		
74	Ectopterygoid teeth	1	absent	UBERON:0001091 and (RO:0002371 some UBERON:0011634)	'calcareous tooth' and (attaches_to some 'ectopterygoid bone')	PATO:0000462	absent		
75	Parasphenoid wings	0	present, parasphenoid broad posteriorly	UBERONTEMP:7cc05fde-b247-4277-9fe9-be69f299ee72	'parasphenoid wing'	PATO:0000467	present		
75	Parasphenoid wings	0	present, parasphenoid broad posteriorly	BSPO:0000072 and (BFO:0000050 some UBERON:0004745)	'posterior region' and (part_of some parasphenoid)	PATO:0002359	broad		
75	Parasphenoid wings	1	absent, parasphenoid narrow posteriorly	UBERONTEMP:7cc05fde-b247-4277-9fe9-be69f299ee72	'parasphenoid wing'	PATO:0000462	absent		
75	Parasphenoid wings	1	absent, parasphenoid narrow posteriorly	BSPO:0000072 and (BFO:0000050 some UBERON:0004745)	'posterior region' and (part_of some parasphenoid)	PATO:0000599	'decreased width'		
76	Mouth length, including maxillary shank	0	reaching vertical through rostral margin of orbit	BSPO:0000072 and (BFO:0000050 some UBERON:0000166)	'posterior region' and (part_of some 'oral opening')	PATOTEMP:b65b4440-adac-459d-a9ec-dd491662621e	'aligned vertically with'	UBERON:0016942	'rostral margin of orbit'
76	Mouth length, including maxillary shank	1	not reaching vertical through rostral margin of orbit	BSPO:0000072 and (BFO:0000050 some UBERON:0000166)	'posterior region' and (part_of some 'oral opening')	PATO:0001632	'anterior to'	UBERON:0016942	'rostral margin of orbit'
77	Prootic, entocarotid fossa (GNC30)	0	present as distinct fossa within the recessus vena jugularis	UBERON:0018318	'entocarotid fossa'	PATO:0002261	'located in'	UBERON:0018354	'recessus vena jugularis'
77	Prootic, entocarotid fossa (GNC30)	1	reduced/absent	UBERON:0018318	'entocarotid fossa'	PATO:0000587	'decreased size'		
77	Prootic, entocarotid fossa (GNC30)	1	reduced/absent	UBERON:0018318	'entocarotid fossa'	PATO:0000462	absent		
78	M. sternohyoideus (AM03-92)	0	absent	UBERON:2002200	'hypobranchial muscle'	PATO:0000462	absent		
78	M. sternohyoideus (AM03-92)	1	present	UBERON:2002200	'hypobranchial muscle'	PATO:0000467	present		
79	MEB petrosal, pars canalicularis, incus contact, presence	0	absent	UBERON:0018347	'pars canalicularis of petrosal'	PATO:0001505	'separated from'	UBERON:0001688	incus
79	MEB petrosal, pars canalicularis, incus contact, presence	1	present	UBERON:0018347	'pars canalicularis of petrosal'	PATO:0001961	'in contact with'	UBERON:0001688	incus
80	Development - Trophoblast presence	0	absent	UBERON:0000088	trophoblast	PATO:0000462	absent		
80	Development - Trophoblast presence	1	present	UBERON:0000088	trophoblast	PATO:0000467	present		
81	Myology - M. extensor pollicis brevis insertion on second phalanx of digit I presence	0	absent	UBERONTEMP:0eca0bcc-9e29-446d-bd9a-619176176347 and (UBERON:has_muscle_insertion some UBERON:4200219)	'extensor pollicis brevis muscle' and (has_muscle_insertion some 'middle phalanx of manual digit 1')	PATO:0000462	absent		
81	Myology - M. extensor pollicis brevis insertion on second phalanx of digit I presence	1	present	UBERONTEMP:0eca0bcc-9e29-446d-bd9a-619176176347 and (UBERON:has_muscle_insertion some UBERON:4200219)	'extensor pollicis brevis muscle' and (has_muscle_insertion some 'middle phalanx of manual digit 1')	PATO:0000467	present		
82	Supinator process	0	large, strongly angled relative to shaft, separated from it by groove	UBERON:4200037	'supinator process'	PATO:0000586	'increased size'		
82	Supinator process	0	large, strongly angled relative to shaft, separated from it by groove	UBERON:4200037	'supinator process'	PATOTEMP:1e4e19ed-2075-484e-af76-86d15f19c11a	oblique		
82	Supinator process	0	large, strongly angled relative to shaft, separated from it by groove	UBERON:4200037	'supinator process'	PATO:0002255	grooved		
82	Supinator process	1	large, parallel to shaft, separated from it by groove	UBERON:4200037	'supinator process'	PATO:0000586	'increased size'		
82	Supinator process	1	large, parallel to shaft, separated from it by groove	UBERON:4200037	'supinator process'	PATO:0002272	'parallel to'	UBERON:0000976	humerus
82	Supinator process	1	large, parallel to shaft, separated from it by groove	UBERON:4200037	'supinator process'	PATO:0002255	grooved		
82	Supinator process	2	small, confluent with shaft	UBERON:4200037	'supinator process'	PATO:0000587	'decreased size'		
83	Sensory pores at corner of upper and lower lip	0	absent	UBERON:0018357 and (BFO:0000050 some (BSPO:0000082 and (BFO:0000050 some UBERON:0000166)))	'sensory pore' and (part_of some ('lateral region' and (part_of some 'oral opening')))	PATO:0000462	absent		
83	Sensory pores at corner of upper and lower lip	1	present	UBERON:0018357 and (BFO:0000050 some (BSPO:0000082 and (BFO:0000050 some UBERON:0000166)))	'sensory pore' and (part_of some ('lateral region' and (part_of some 'oral opening')))	PATO:0000467	present		
84	Nasolacrimal duct	0	present	UBERON:0002392	'nasolacrimal duct'	PATO:0000467	present		
84	Nasolacrimal duct	1	absent	UBERON:0002392	'nasolacrimal duct'	PATO:0000462	absent		
85	Midbody spot	0	present below upper lateral line	UBERON:0018340	'midbody melanophore spot'	PATO:0001196	'ventral to'	UBERON:0018369	'upper lateral line'
85	Midbody spot	2	absent	UBERON:0018340	'midbody melanophore spot'	PATO:0000462	absent		
85	Midbody spot	1	present above or straddling lateral line	UBERON:0018340	'midbody melanophore spot'	PATO:0001233	'dorsal to'	UBERON:0018369	'upper lateral line'
86	Metapterygium connects with distinct series of distal radials articulating proximodistally to form a short or long axis	0	absent	UBERONTEMP:6b641a8b-ba2a-41b9-a986-8cab10625b6a and (RO:0002170 some UBERON:4400000)	'series of distal radials' and (connected_to some metapterygium)	PATO:0000462	absent		
86	Metapterygium connects with distinct series of distal radials articulating proximodistally to form a short or long axis	1	present	UBERONTEMP:6b641a8b-ba2a-41b9-a986-8cab10625b6a and (RO:0002170 some UBERON:4400000)	'series of distal radials' and (connected_to some metapterygium)	PATO:0000467	present		
87	Internal carotid foramina	0	present	UBERON:4300142	'internal carotid foramen'	PATO:0000467	present		
87	Internal carotid foramina	1	absent	UBERON:4300142	'internal carotid foramen'	PATO:0000462	absent		
88	Neurology, dorsal leg muscles (E143)	0	peroneal nerve present	UBERON:0035207	'deep fibular nerve'	PATO:0000467	present		
88	Neurology, dorsal leg muscles (E143)	1	peroneal nerve absent, interosseus innervation	UBERON:0035207	'deep fibular nerve'	PATO:0000462	absent		
89	Quadrate condyle	0	absent	UBERON:0018353	'quadrate condyle'	PATO:0000462	absent		
89	Quadrate condyle	1	present	UBERON:0018353	'quadrate condyle'	PATO:0000467	present		
90	Frontals, contact the maxilla anteriorly (E4sc)	0	absent	BSPO:0000071 and (BFO:0000050 some UBERON:0000209)	'anterior region' and (part_of some 'tetrapod frontal bone')	PATO:0001505	'separated from'	UBERON:0002397	maxilla
90	Frontals, contact the maxilla anteriorly (E4sc)	1	present	BSPO:0000071 and (BFO:0000050 some UBERON:0000209)	'anterior region' and (part_of some 'tetrapod frontal bone')	PATO:0001961	'in contact with'	UBERON:0002397	maxilla
91	Palatine and pterygoid:	0	separate elements	UBERON:0001682	'palatine bone'	PATO:0001505	'separated from'	UBERON:0010389	'pterygoid bone'
91	Palatine and pterygoid:	1	fused	UBERON:0001682	'palatine bone'	PATO:0000642	'fused with'	UBERON:0010389	'pterygoid bone'
92	Cervical ribs	0	straight and extending posterolaterally, without anterior process	UBERON:0018144	'cervical rib'	PATO:0002180	straight		
92	Cervical ribs	0	straight and extending posterolaterally, without anterior process	UBERON:0018144	'cervical rib'	PATO:0002503	'posterolateral orientation'		
92	Cervical ribs	0	straight and extending posterolaterally, without anterior process	UBERON:0004529 and (BFO:0000050 some (BSPO:0000071 and (BFO:0000050 some UBERON:0018144)))	'anatomical projection' and (part_of some ('anterior region' and (part_of some 'cervical rib')))	PATO:0000462	absent		
92	Cervical ribs	1	plowshare-shaped, with rib shafts parallel to centra	UBERON:0018144	'cervical rib'	PATOTEMP:1bf5985d-5bbc-49df-ac82-969979dd9c3c	'plowshare-shaped'		
92	Cervical ribs	1	plowshare-shaped, with rib shafts parallel to centra	UBERON:0018144	'cervical rib'	PATO:0002272	'parallel to'	UBERON:0001075	'vertebral centrum'
93	Posterior tectum	0	absent	UBERONTEMP:69d443e4-368e-4754-8ca1-a2e702f2ac97	'posterior tectum'	PATO:0000462	absent		
93	Posterior tectum	1	present	UBERONTEMP:69d443e4-368e-4754-8ca1-a2e702f2ac97	'posterior tectum'	PATO:0000467	present		
94	Manual intermedium size relative to centrale	0	larger	UBERON:3010069	'intermedium (fore)'	PATO:0000117 and (PATO:0002305 some (PATO:0000117 and (BFO:0000052 some UBERON:0012131)))	size and (increased_in_magnitude_relative_to some (size and (inheres_in some centrale)))		
94	Manual intermedium size relative to centrale	1	smaller	UBERON:3010069	'intermedium (fore)'	PATO:0000117 and (PATO:0002304 some (PATO:0000117 and (BFO:0000052 some UBERON:0012131)))	size and (decreased_in_magnitude_relative_to some (size and (inheres_in some centrale)))		
94	Manual intermedium size relative to centrale	2	intermedium lost	UBERON:3010069	'intermedium (fore)'	PATO:0000462	absent		
95	p1 hypoconid presence on Lp1	0	absent	UBERON:0018279 and (BFO:0000050 some UBERON:0018284)	hypoconid and (part_of some 'lower premolar 1')	PATO:0000462	absent		
95	p1 hypoconid presence on Lp1	1	present	UBERON:0018279 and (BFO:0000050 some UBERON:0018284)	hypoconid and (part_of some 'lower premolar 1')	PATO:0000467	present		
96	Rictal bristles:	0	absent	UBERON:0018355	'rictal bristle'	PATO:0000462	absent		
96	Rictal bristles:	1	present	UBERON:0018355	'rictal bristle'	PATO:0000467	present		
97	Paired fin radials barely extend beyond level of body wall	0	absent	UBERON:4300013	'paired fin radial skeleton'	PATO:0000140 and (PHENOSCAPE:complement_of some PATO:0002464)	position and (not some 'extends beyond')	UBERON:0000309	'body wall'
97	Paired fin radials barely extend beyond level of body wall	1	present	UBERON:4300013	'paired fin radial skeleton'	PATO:0002464	'extends beyond'	UBERON:0000309	'body wall'
98	Caudal fin spot position	0	dorsal to lateral line	UBERONTEMP:a8fd6c8c-5029-4740-8e0c-99856641de75	'caudal spot'	PATO:0001233	'dorsal to'	UBERON:0010202	'lateral line'
98	Caudal fin spot position	2	vertical stripe across tail	UBERONTEMP:f5082db7-70f4-44be-a15b-329301005f0c	'vertical stripe'	PATO:0000467	present		
98	Caudal fin spot position	1	straddling lateral line	UBERONTEMP:a8fd6c8c-5029-4740-8e0c-99856641de75	'caudal spot'	PATO:0002488	overlapping	UBERON:0010202	'lateral line'
99	MEB entotympanic, rostral element, presence	0	absent	UBERON:0018356	'rostral entotympanic element'	PATO:0000462	absent		
99	MEB entotympanic, rostral element, presence	1	present	UBERON:0018356	'rostral entotympanic element'	PATO:0000467	present		
100	Anterior part of dentary	0	with teeth	UBERON:0001091 and (RO:0002371 some (BSPO:0000071 and (BFO:0000050 some UBERON:0004742)))	'calcareous tooth' and (attaches_to some ('anterior region' and (part_of some dentary)))	PATO:0000467	present		
100	Anterior part of dentary	1	edentulous	UBERON:0001091 and (RO:0002371 some (BSPO:0000071 and (BFO:0000050 some UBERON:0004742)))	'calcareous tooth' and (attaches_to some ('anterior region' and (part_of some dentary)))	PATO:0000462	absent		
101	Dibasal pectoral fin endoskeleton	0	absent	UBERON:0010710	'pectoral fin skeleton'	PATO:0000141 and (PHENOSCAPE:complement_of some PATOTEMP:eeb348ab-4d7f-4129-9b9d-c0a08341c5ec)	structure and (not some dibasal)		
101	Dibasal pectoral fin endoskeleton	1	present	UBERON:0010710	'pectoral fin skeleton'	PATOTEMP:eeb348ab-4d7f-4129-9b9d-c0a08341c5ec	dibasal		
102	Scapula, size relative to the coracoid ()	0	subequal to, or larger than	UBERON:0006849	scapula	PATO:0000117 and (PATO:0002306 some (PATO:0000117 and (BFO:0000052 some UBERON:0004743)))	size and (similar_in_magnitude_relative_to some (size and (inheres_in some 'coracoid bone')))		
102	Scapula, size relative to the coracoid ()	0	subequal to, or larger than	UBERON:0006849	scapula	PATO:0000117 and (PATO:0002305 some (PATO:0000117 and (BFO:0000052 some UBERON:0004743)))	size and (increased_in_magnitude_relative_to some (size and (inheres_in some 'coracoid bone')))		
102	Scapula, size relative to the coracoid ()	1	smaller than	UBERON:0006849	scapula	PATO:0000117 and (PATO:0002304 some (PATO:0000117 and (BFO:0000052 some UBERON:0004743)))	size and (decreased_in_magnitude_relative_to some (size and (inheres_in some 'coracoid bone')))		
102	Scapula, size relative to the coracoid ()	2	scapula and coracoid absent	UBERON:0006849	scapula	PATO:0000462	absent		
102	Scapula, size relative to the coracoid ()	2	scapula and coracoid absent	UBERON:0004743	'coracoid bone'	PATO:0000462	absent		
103	Glossopharyngeal nerve exits through metotic fissure	0	absent	UBERON:0001649	'glossopharyngeal nerve'	PATO:0000140 and (PHENOSCAPE:complement_of some PATOTEMP:93532faa-3257-4395-8d05-3ad8a817c343)	position and (not some 'passes through')	UBERON:0018339	'metotic fissure'
103	Glossopharyngeal nerve exits through metotic fissure	1	present	UBERON:0001649	'glossopharyngeal nerve'	PATOTEMP:93532faa-3257-4395-8d05-3ad8a817c343	'passes through'	UBERON:0018339	'metotic fissure'
104	Retroarticular process	0	absent or small and narrow	UBERON:3000543	'retroarticular process'	PATO:0000462	absent		
104	Retroarticular process	0	absent or small and narrow	UBERON:3000543	'retroarticular process'	PATO:0000587	'decreased size'		
104	Retroarticular process	0	absent or small and narrow	UBERON:3000543	'retroarticular process'	PATO:0000599	'decreased width'		
104	Retroarticular process	1	transversely broad, dorsally concave	UBERON:3000543	'retroarticular process'	PATO:0002359	broad		
104	Retroarticular process	1	transversely broad, dorsally concave	BSPO:0000079 and (BFO:0000050 some UBERON:3000543)	'dorsal region' and (part_of some 'retroarticular process')	PATO:0001857	concave		
105	Humerus, proximal end, posterior prominence of ventral tubercle distinctly greater than that of head of the humerus:	0	no	UBERONTEMP:ce51e481-b593-46b0-bf63-2e5ca23a1f85	'ventral tubercle'	PATO:0000140 and (PHENOSCAPE:complement_of some PATO:0001633)	position and (not some 'posterior to')		
105	Humerus, proximal end, posterior prominence of ventral tubercle distinctly greater than that of head of the humerus:	1	yes	UBERONTEMP:ce51e481-b593-46b0-bf63-2e5ca23a1f85	'ventral tubercle'	PATO:0001633	'posterior to'	UBERON:0006801	'proximal head of humerus'
106	Sternum, spina externa forming a ridge that extends dorsoventrally over entire sternum rostrum:	0	no	UBERON:0018358	'spina externa'	PATO:0000462	absent		
106	Sternum, spina externa forming a ridge that extends dorsoventrally over entire sternum rostrum:	1	yes	UBERON:0018358	'spina externa'	PATO:0000467	present		
106	Sternum, spina externa forming a ridge that extends dorsoventrally over entire sternum rostrum:	1	yes	UBERONTEMP:c378c3db-458f-4b43-a3cb-813d1a2ea85b	'sternum rostrum'	PATO:0002358	ridged		
107	Shape of pharyngeal apophysis (basioccipital)	0	forked anteriorly	UBERON:0018349	'pharyngeal apophysis'	PATO:0001784	bifurcated		
107	Shape of pharyngeal apophysis (basioccipital)	1	rounded	UBERON:0018349	'pharyngeal apophysis'	PATO:0000411	circular		
108	Humerus, proximal portion, distal end of bicipital surface:	0	indistinct and continuous with the shaft	BSPO:0000078 and (BFO:0000050 some UBERON:0018305)	'distal region' and (part_of some 'bicipital surface')	PATO:0000464	inconspicuous		
108	Humerus, proximal portion, distal end of bicipital surface:	0	indistinct and continuous with the shaft	BSPO:0000078 and (BFO:0000050 some UBERON:0018305)	'distal region' and (part_of some 'bicipital surface')	PATO:0005011	'continuous with'	UBERON:0004652	'humerus diaphysis'
108	Humerus, proximal portion, distal end of bicipital surface:	1	distinct and extends ventral to the shaft	BSPO:0000078 and (BFO:0000050 some UBERON:0018305)	'distal region' and (part_of some 'bicipital surface')	PATO:0000463	conspicuous		
108	Humerus, proximal portion, distal end of bicipital surface:	1	distinct and extends ventral to the shaft	BSPO:0000078 and (BFO:0000050 some UBERON:0018305)	'distal region' and (part_of some 'bicipital surface')	PATO:0001196	'ventral to'	UBERON:0004652	'humerus diaphysis'
109	Labial cartilages	0	absent	UBERON:0018333	'labial cartilage'	PATO:0000462	absent		
109	Labial cartilages	1	present	UBERON:0018333	'labial cartilage'	PATO:0000467	present		
110	Hemipenis, horns (Branch, 1982)	0	absent	UBERON:0004529 and (BFO:0000050 some UBERON:0008812)	'anatomical projection' and (part_of some hemipenis)	PATO:0000462	absent		
110	Hemipenis, horns (Branch, 1982)	1	present, simple	UBERON:0004529 and (BFO:0000050 some UBERON:0008812)	'anatomical projection' and (part_of some hemipenis)	PATO:0001503	simple		
110	Hemipenis, horns (Branch, 1982)	2	present, multi-cusped	UBERON:0004529 and (BFO:0000050 some UBERON:0008812)	'anatomical projection' and (part_of some hemipenis)	PATO:0002257	multicuspidate		
111	Palatines:	0	remain separate anterior to the internal choana	BSPO:0000071 and (BFO:0000050 some (UBERON:0001682 and (BSPO:0000120 some UBERON:0000468)))	'anterior region' and (part_of some ('palatine bone' and (in_left_side_of some 'multicellular organism')))	PATO:0001505	'separated from'	BSPO:0000071 and (BFO:0000050 some (UBERON:0001682 and (BSPO:0000121 some UBERON:0000468)))	'anterior region' and (part_of some ('palatine bone' and (in_right_side_of some 'multicellular organism')))
111	Palatines:	1	fused anterior to the internal choana	BSPO:0000071 and (BFO:0000050 some (UBERON:0001682 and (BSPO:0000120 some UBERON:0000468)))	'anterior region' and (part_of some ('palatine bone' and (in_left_side_of some 'multicellular organism')))	PATO:0000642	'fused with'	BSPO:0000071 and (BFO:0000050 some (UBERON:0001682 and (BSPO:0000121 some UBERON:0000468)))	'anterior region' and (part_of some ('palatine bone' and (in_right_side_of some 'multicellular organism')))
112	Cheek scale rows	0	scales of similar size, symmetrical rows	UBERON:0018313	'cheek scale row'	PATO:0000632	symmetrical		
112	Cheek scale rows	1	scales vary in size, uneven rows	UBERON:0018313	'cheek scale row'	PATOTEMP:d6dbfefa-5751-495d-bc11-83bcad8e5e82	uneven		
113	dP5 posthypocrista and postcingulum continuity on UdP5	0	continuous	UBERON:0018275	'posthypocrista of deciduous premolar 5'	PATO:0005011	'continuous with'	UBERON:0018274	'postcingulum of deciduous premolar 5'
113	dP5 posthypocrista and postcingulum continuity on UdP5	1	not continuous	UBERON:0018275	'posthypocrista of deciduous premolar 5'	PATO:0001505	'separated from'	UBERON:0018274	'postcingulum of deciduous premolar 5'
114	Posterior wall of nasal capsule	0	complete	UBERON:3000454	'postnasal wall'	PATO:0005012	'complete structure'		
114	Posterior wall of nasal capsule	1	incomplete	UBERON:3000454	'postnasal wall'	PATO:0005013	'incomplete structure'		
115	Braincase, occipital condyle (Egek9)	0	single unit made of basioccipital and exoccipitals; ovoid or subovoid	UBERON:0006811	'occipital condyle'	PATOTEMP:499c1f37-c1fe-456a-86be-ce5f94a44782	single		
115	Braincase, occipital condyle (Egek9)	0	single unit made of basioccipital and exoccipitals; ovoid or subovoid	UBERON:0006811	'occipital condyle'	PATO:0002537	subovoid		
115	Braincase, occipital condyle (Egek9)	0	single unit made of basioccipital and exoccipitals; ovoid or subovoid	UBERON:0001692	'basioccipital bone'	PATO:0002261	'located in'	UBERON:0006811	'occipital condyle'
115	Braincase, occipital condyle (Egek9)	0	single unit made of basioccipital and exoccipitals; ovoid or subovoid	UBERON:0001693	'exoccipital bone'	PATO:0002261	'located in'	UBERON:0006811	'occipital condyle'
115	Braincase, occipital condyle (Egek9)	1	bipartate, constructed of exoccipitals	UBERON:0006811	'occipital condyle'	PATO:0002533	bipartite		
115	Braincase, occipital condyle (Egek9)	1	bipartate, constructed of exoccipitals	UBERON:0001693	'exoccipital bone'	PATO:0002261	'located in'	UBERON:0006811	'occipital condyle'
115	Braincase, occipital condyle (Egek9)	2	single unit made of basioccipital and exoccipitals; U-shaped	UBERON:0006811	'occipital condyle'	PATOTEMP:499c1f37-c1fe-456a-86be-ce5f94a44782	single		
115	Braincase, occipital condyle (Egek9)	2	single unit made of basioccipital and exoccipitals; U-shaped	UBERON:0006811	'occipital condyle'	PATO:0001879	'U-shaped'		
115	Braincase, occipital condyle (Egek9)	2	single unit made of basioccipital and exoccipitals; U-shaped	UBERON:0001692	'basioccipital bone'	PATO:0002261	'located in'	UBERON:0006811	'occipital condyle'
115	Braincase, occipital condyle (Egek9)	2	single unit made of basioccipital and exoccipitals; U-shaped	UBERON:0001693	'exoccipital bone'	PATO:0002261	'located in'	UBERON:0006811	'occipital condyle'
115	Braincase, occipital condyle (Egek9)	3	formed only by the basioccipital	UBERON:0006811	'occipital condyle'	PATOTEMP:499c1f37-c1fe-456a-86be-ce5f94a44782	single		
115	Braincase, occipital condyle (Egek9)	3	formed only by the basioccipital	UBERON:0001692	'basioccipital bone'	PATO:0002261	'located in'	UBERON:0006811	'occipital condyle'
116	Opisthotic/cheek contact	0	not in contact	UBERON:0010910	opisthotic	PATO:0001505	'separated from'	UBERON:0001567	cheek
116	Opisthotic/cheek contact	1	in contact and tightly sutured	UBERON:0010910	opisthotic	PATO:0001961	'in contact with'	UBERON:0001567	cheek
117	Number of centralia in manus or pes:	0	more than one central element	UBERON:0012131	centrale	PATO:0000070	count		
117	Number of centralia in manus or pes:	1	one central element	UBERON:0012131	centrale	PATO:0000070	count		
118	Prismatic cartilage	0	absent	UBERON:0018352	'prismatic cartilage'	PATO:0000462	absent		
118	Prismatic cartilage	1	present	UBERON:0018352	'prismatic cartilage'	PATO:0000467	present		
119	Fused anterior vertebral arches (synarcual) at anchorage of dorsal spine	0	absent	UBERON:4200128	'synarcual region of vertebral column'	PATO:0000462	absent		
119	Fused anterior vertebral arches (synarcual) at anchorage of dorsal spine	1	present	UBERON:4200128	'synarcual region of vertebral column'	PATO:0000467	present		
120	Symphysial extension of alveolar process of premaxilla	0	present	UBERON:2002257 and (BFO:0000051 some UBERONTEMP:8609c420-d25a-4fff-bdba-f5f7706530c6)	'premaxilla dentigerous process' and (has_part some 'symphysial extension')	PATO:0000467	present		
120	Symphysial extension of alveolar process of premaxilla	1	absent	UBERON:2002257 and (BFO:0000051 some UBERONTEMP:8609c420-d25a-4fff-bdba-f5f7706530c6)	'premaxilla dentigerous process' and (has_part some 'symphysial extension')	PATO:0000462	absent		
121	Tibiotarsus, distal end, supratendinal bridge:	0	ossified	UBERON:0018366	'supratendinal bridge'	PATO:0001448	ossified		
121	Tibiotarsus, distal end, supratendinal bridge:	1	tendinous	UBERON:0018366	'supratendinal bridge'	PATOTEMP:e7a5a00e-cf75-44e7-b26d-391526249555	tendinous		
122	Anal fin supported by radials external to body wall	0	absent	UBERON:2100271 and (BFO:0000050 some UBERON:4000163)	'radial element' and (part_of some 'anal fin')	PATO:0000140 and (PHENOSCAPE:complement_of some PATO:0002483)	position and (not some 'external to')	UBERON:0000309	'body wall'
122	Anal fin supported by radials external to body wall	1	present	UBERON:2100271 and (BFO:0000050 some UBERON:4000163)	'radial element' and (part_of some 'anal fin')	PATO:0002483	'external to'	UBERON:0000309	'body wall'
123	Sensory pores dorsal to orbit	0	highly branching (with 10 or more pores)	UBERON:0018357 and (BSPO:0000098 some UBERON:0001697)	'sensory pore' and (dorsal_to some 'orbit of skull')	PATO:0002285	'increased branchiness'		
123	Sensory pores dorsal to orbit	1	few branches	UBERON:0018357 and (BSPO:0000098 some UBERON:0001697)	'sensory pore' and (dorsal_to some 'orbit of skull')	PATO:0002286	'decreased branchiness'		
124	Canal for lateral dorsal aorta long	0	absent	UBERON:0018335	'lateral dorsal aorta canal'	PATO:0000122 and (PHENOSCAPE:complement_of some PATO:0000573)	length and (not some 'increased length')		
124	Canal for lateral dorsal aorta long	1	present	UBERON:0018335	'lateral dorsal aorta canal'	PATO:0000573	'increased length'		
125	Size of symphysial pair of teeth relative to other teeth	0	same size as other teeth, or slight gradient of size with shortest teeth found more posteriorly	UBERONTEMP:2f99ad4b-d842-4ae9-8886-87ee98811fe5	'symphyseal tooth'	PATO:0000117 and (PATO:0002306 some (PATO:0000117 and (BFO:0000052 some UBERONTEMP:04c4d3ea-5dfe-4f59-aafa-b6875025413b)))	size and (similar_in_magnitude_relative_to some (size and (inheres_in some 'oral tooth')))		
125	Size of symphysial pair of teeth relative to other teeth	2	symphysial teeth prolonged relative to all other teeth	UBERONTEMP:2f99ad4b-d842-4ae9-8886-87ee98811fe5	'symphyseal tooth'	PATO:0000117 and (PATO:0002305 some (PATO:0000117 and (BFO:0000052 some UBERONTEMP:04c4d3ea-5dfe-4f59-aafa-b6875025413b)))	size and (increased_in_magnitude_relative_to some (size and (inheres_in some 'oral tooth')))		
125	Size of symphysial pair of teeth relative to other teeth	1	upper jaw outer row symphysial pair of teeth prolonged; symphysial outer row lower jaw lower teeth very short, next 1 – 2 teeth much longer	UBERONTEMP:0dbeb221-6e12-44b7-b51d-6b90d0f64c7c	'upper jaw outer row symphyseal tooth'	PATO:0000117 and (PATO:0002305 some (PATO:0000117 and (BFO:0000052 some UBERONTEMP:04c4d3ea-5dfe-4f59-aafa-b6875025413b)))	size and (increased_in_magnitude_relative_to some (size and (inheres_in some 'oral tooth')))		
125	Size of symphysial pair of teeth relative to other teeth	1	upper jaw outer row symphysial pair of teeth prolonged; symphysial outer row lower jaw lower teeth very short, next 1 – 2 teeth much longer	UBERON:0011594 and (RO:0002220 some UBERON:0006606)	'dentary tooth' and (adjacent_to some 'mandibular symphysis')	PATO:0000117 and (PATO:0002304 some (PATO:0000117 and (BFO:0000052 some UBERONTEMP:04c4d3ea-5dfe-4f59-aafa-b6875025413b)))	size and (decreased_in_magnitude_relative_to some (size and (inheres_in some 'oral tooth')))		
125	Size of symphysial pair of teeth relative to other teeth	1	upper jaw outer row symphysial pair of teeth prolonged; symphysial outer row lower jaw lower teeth very short, next 1 – 2 teeth much longer	UBERON:0011594 and (BSPO:0000099 some UBERON:0006606)	'dentary tooth' and (posterior_to some 'mandibular symphysis')	PATO:0000117 and (PATO:0002305 some (PATO:0000117 and (BFO:0000052 some UBERONTEMP:04c4d3ea-5dfe-4f59-aafa-b6875025413b)))	size and (increased_in_magnitude_relative_to some (size and (inheres_in some 'oral tooth')))		
126	Nasal-prefrontal contact;	0	present	UBERON:0001681	'nasal bone'	PATO:0001961	'in contact with'	UBERON:0010750	'prefrontal bone'
126	Nasal-prefrontal contact;	1	absent	UBERON:0001681	'nasal bone'	PATO:0001505	'separated from'	UBERON:0010750	'prefrontal bone'
127	Vomerine dentition:	0	transverse row, medial in the palate	UBERON:0017615	'vomerine dentition'	PATO:0002502	'transverse orientation'		
127	Vomerine dentition:	0	transverse row, medial in the palate	UBERON:0017615	'vomerine dentition'	PATO:0001191	'medial to'	UBERON:2001978	'maxillary tooth row'
127	Vomerine dentition:	1	marginal, tooth row parallel to premaxilla and maxilla	UBERON:0017615	'vomerine dentition'	PATO:0002272	'parallel to'	UBERON:2001978	'maxillary tooth row'
127	Vomerine dentition:	2	longitudinal row or patch	UBERON:0017615	'vomerine dentition'	PATO:0005024	'longitudinal orientation'		
127	Vomerine dentition:	2	longitudinal row or patch	UBERON:0017615	'vomerine dentition'	PATO:0001608	patchy		
128	Quadratoqugal	0	present	UBERON:0011267	'quadratojugal bone'	PATO:0000467	present		
128	Quadratoqugal	1	absent	UBERON:0011267	'quadratojugal bone'	PATO:0000462	absent		
129	Mandible with intraramal joint and posterior half of mandibular rami greatly widened (mediolateral width greater than dorsoventral extension) and dorsoventrally flattened:	0	no	UBERON:0018331	'intraramal joint'	PATO:0000462	absent		
129	Mandible with intraramal joint and posterior half of mandibular rami greatly widened (mediolateral width greater than dorsoventral extension) and dorsoventrally flattened:	0	no	BSPO:0000072 and (BFO:0000050 some UBERON:0000401)	'posterior region' and (part_of some 'mandibular ramus')	PATO:0000921 and (PHENOSCAPE:complement_of some (PATO:0000921 and (PATO:0002305 some (PATO:0000119 and (BFO:0000052 some (BSPO:0000072 and (BFO:0000050 some UBERON:0000401)))))))	width and (not some (width and (increased_in_magnitude_relative_to some (height and (inheres_in some ('posterior region' and (part_of some 'mandibular ramus')))))))		
129	Mandible with intraramal joint and posterior half of mandibular rami greatly widened (mediolateral width greater than dorsoventral extension) and dorsoventrally flattened:	0	no	BSPO:0000072 and (BFO:0000050 some UBERON:0000401)	'posterior region' and (part_of some 'mandibular ramus')	PATO:0002254 and (PHENOSCAPE:complement_of some PATO:0002053)	flattened and (not some 'dorso-ventrally flattened')		
129	Mandible with intraramal joint and posterior half of mandibular rami greatly widened (mediolateral width greater than dorsoventral extension) and dorsoventrally flattened:	1	yes	UBERON:0018331	'intraramal joint'	PATO:0000467	present		
129	Mandible with intraramal joint and posterior half of mandibular rami greatly widened (mediolateral width greater than dorsoventral extension) and dorsoventrally flattened:	1	yes	BSPO:0000072 and (BFO:0000050 some UBERON:0000401)	'posterior region' and (part_of some 'mandibular ramus')	PATO:0000921 and (PATO:0002305 some (PATO:0000119 and (BFO:0000052 some (BSPO:0000072 and (BFO:0000050 some UBERON:0000401)))))	width and (increased_in_magnitude_relative_to some (height and (inheres_in some ('posterior region' and (part_of some 'mandibular ramus')))))		
129	Mandible with intraramal joint and posterior half of mandibular rami greatly widened (mediolateral width greater than dorsoventral extension) and dorsoventrally flattened:	1	yes	BSPO:0000072 and (BFO:0000050 some UBERON:0000401)	'posterior region' and (part_of some 'mandibular ramus')	PATO:0002053	'dorso-ventrally flattened'		
130	Sensory pores directly posterior to the orbit	0	form continuous clump of pores from orbit to opening of operculum	UBERON:0018357 and (BSPO:0000099 some UBERON:0001697) and (PHENOSCAPE:extends_to some UBERON:2002057)	'sensory pore' and (posterior_to some 'orbit of skull') and (extends_to some 'gill opening')	PATOTEMP:ed9e88eb-3494-40d8-88ba-3883a7e5ebbf	'continuously distributed'		
130	Sensory pores directly posterior to the orbit	1	few pores, discontinuous clumps from orbit to operculum	UBERON:0018357 and (BSPO:0000099 some UBERON:0001697) and (PHENOSCAPE:extends_to some UBERON:2002057)	'sensory pore' and (posterior_to some 'orbit of skull') and (extends_to some 'gill opening')	PATOTEMP:9cc98a1a-825a-4b19-9859-219e4c72f26e	'discontinuously distributed'		
131	Positions of foramina for nerves II, mand IV in orbit. Nerve foramen II situated mid-orbit	0	nerve foramen II situated mid-orbit, III and IV posterior to II	UBERONTEMP:6b22b08d-a03d-4a4c-a1bf-fd738afc8dfa and (BFO:0000050 some UBERONTEMP:0adc11c0-4876-4ea5-ad1f-a45afb90615a)	'nerve foramen II' and (part_of some 'mid-orbit')	PATO:0000467	present		
131	Positions of foramina for nerves II, mand IV in orbit. Nerve foramen II situated mid-orbit	0	nerve foramen II situated mid-orbit, III and IV posterior to II	UBERONTEMP:648ae26f-36b3-4dec-9c09-5a40cb82672d	'nerve foramen III'	PATO:0001633	'posterior to'	UBERONTEMP:6b22b08d-a03d-4a4c-a1bf-fd738afc8dfa	'nerve foramen II'
131	Positions of foramina for nerves II, mand IV in orbit. Nerve foramen II situated mid-orbit	0	nerve foramen II situated mid-orbit, III and IV posterior to II	UBERONTEMP:6d1d8e6a-c709-46e2-a2e8-16317d6c5393	'nerve foramen IV'	PATO:0001633	'posterior to'	UBERONTEMP:6b22b08d-a03d-4a4c-a1bf-fd738afc8dfa	'nerve foramen II'
131	Positions of foramina for nerves II, mand IV in orbit. Nerve foramen II situated mid-orbit	1	nerve foramen II situated mid orbit, IV anterior to II	UBERONTEMP:6b22b08d-a03d-4a4c-a1bf-fd738afc8dfa and (BFO:0000050 some UBERONTEMP:0adc11c0-4876-4ea5-ad1f-a45afb90615a)	'nerve foramen II' and (part_of some 'mid-orbit')	PATO:0000467	present		
131	Positions of foramina for nerves II, mand IV in orbit. Nerve foramen II situated mid-orbit	1	nerve foramen II situated mid orbit, IV anterior to II	UBERONTEMP:6d1d8e6a-c709-46e2-a2e8-16317d6c5393	'nerve foramen IV'	PATO:0001632	'anterior to'	UBERONTEMP:6b22b08d-a03d-4a4c-a1bf-fd738afc8dfa	'nerve foramen II'
132	Epurals	0	bearing a single procurrent caudal fin ray each (2 total)	UBERON:2001829 and (RO:0002170 some UBERON:2000660)	'caudal fin dorsal procurrent ray' and (connected_to some epural)	PATO:0001997	'present in fewer numbers in organism'		
132	Epurals	1	bearing several procurrent caudal fin rays (3 or more total)	UBERON:2001829 and (RO:0002170 some UBERON:2000660)	'caudal fin dorsal procurrent ray' and (connected_to some epural)	PATO:0000470	'present in greater numbers in organism'		
133	Cerebellum with reduced anterior lobe, particularly small folia II and III, and relatively large posterior lobe:	0	no	UBERON:0002131	'anterior lobe of cerebellum'	PATO:0000117 and (PHENOSCAPE:complement_of some PATO:0000587)	size and (not some 'decreased size')		
133	Cerebellum with reduced anterior lobe, particularly small folia II and III, and relatively large posterior lobe:	0	no	UBERON:0004075	'cerebellum vermis lobule II'	PATO:0000117 and (PHENOSCAPE:complement_of some PATO:0000587)	size and (not some 'decreased size')		
133	Cerebellum with reduced anterior lobe, particularly small folia II and III, and relatively large posterior lobe:	0	no	UBERON:0004076	'cerebellum vermis lobule III'	PATO:0000117 and (PHENOSCAPE:complement_of some PATO:0000587)	size and (not some 'decreased size')		
133	Cerebellum with reduced anterior lobe, particularly small folia II and III, and relatively large posterior lobe:	0	no	UBERON:0004002	'cerebellum posterior lobe'	PATO:0000117 and (PHENOSCAPE:complement_of some PATO:0000586)	size and (not some 'increased size')		
133	Cerebellum with reduced anterior lobe, particularly small folia II and III, and relatively large posterior lobe:	1	yes	UBERON:0002131	'anterior lobe of cerebellum'	PATO:0000587	'decreased size'		
133	Cerebellum with reduced anterior lobe, particularly small folia II and III, and relatively large posterior lobe:	1	yes	UBERON:0004075	'cerebellum vermis lobule II'	PATO:0000587	'decreased size'		
133	Cerebellum with reduced anterior lobe, particularly small folia II and III, and relatively large posterior lobe:	1	yes	UBERON:0004076	'cerebellum vermis lobule III'	PATO:0000587	'decreased size'		
133	Cerebellum with reduced anterior lobe, particularly small folia II and III, and relatively large posterior lobe:	1	yes	UBERON:0004002	'cerebellum posterior lobe'	PATO:0000586	'increased size'		
134	Number of free ribs on anterior caudal vertebrae:	0	more than three pairs	UBERON:0002228	rib	PATO:0000070	count		
134	Number of free ribs on anterior caudal vertebrae:	1	two to three pairs	UBERON:0002228	rib	PATO:0000070	count		
134	Number of free ribs on anterior caudal vertebrae:	2	free ribs absent	UBERON:0002228	rib	PATO:0000462	absent		
135	Sutures on ventral aspect of lower pharyngobranchial toothplate	0	few < 5	UBERON:4200215 and (BFO:0000050 some (BSPO:0000084 and (BFO:0000050 some UBERON:0018283)))	suture and (part_of some ('ventral region' and (part_of some 'lower pharyngobranchial toothplate')))	PATO:0001997	'present in fewer numbers in organism'		
135	Sutures on ventral aspect of lower pharyngobranchial toothplate	1	many, 5 +	UBERON:4200215 and (BFO:0000050 some (BSPO:0000084 and (BFO:0000050 some UBERON:0018283)))	suture and (part_of some ('ventral region' and (part_of some 'lower pharyngobranchial toothplate')))	PATO:0000470	'present in greater numbers in organism'		
136	Pelvis, ilioischidic foramen:	0	open	UBERON:0018326	'ilioischiadic foramen'	PATO:0000610	open		
136	Pelvis, ilioischidic foramen:	1	closed	UBERON:0018326	'ilioischiadic foramen'	PATO:0000608	closed		
137	Radius/ulna length	0	radius shorter than ulna	UBERON:0001423	'radius bone'	PATO:0000122 and (PATO:0002304 some (PATO:0000122 and (BFO:0000052 some UBERON:0001424)))	length and (decreased_in_magnitude_relative_to some (length and (inheres_in some ulna)))		
137	Radius/ulna length	1	radius longer than ulna	UBERON:0001423	'radius bone'	PATO:0000122 and (PATO:0002305 some (PATO:0000122 and (BFO:0000052 some UBERON:0001424)))	length and (increased_in_magnitude_relative_to some (length and (inheres_in some ulna)))		
137	Radius/ulna length	2	radius and ulna subequal	UBERON:0001423	'radius bone'	PATO:0000122 and (PATO:0002306 some (PATO:0000122 and (BFO:0000052 some UBERON:0001424)))	length and (similar_in_magnitude_relative_to some (length and (inheres_in some ulna)))		
138	BRC squamosal, suprameatal foramen, presence	0	absent	UBERONTEMP:8aa1a55e-924a-46a7-82af-9e8406a5149d	'suprameatal foramen'	PATO:0000462	absent		
138	BRC squamosal, suprameatal foramen, presence	1	present	UBERONTEMP:8aa1a55e-924a-46a7-82af-9e8406a5149d	'suprameatal foramen'	PATO:0000467	present		
139	Oral teeth w/lingual cusps	0	absent	UBERONTEMP:04c4d3ea-5dfe-4f59-aafa-b6875025413b and (BFO:0000051 some UBERON:0016929)	'oral tooth' and (has_part some 'lingual cusp of tooth')	PATO:0000462	absent		
139	Oral teeth w/lingual cusps	1	present	UBERONTEMP:04c4d3ea-5dfe-4f59-aafa-b6875025413b and (BFO:0000051 some UBERON:0016929)	'oral tooth' and (has_part some 'lingual cusp of tooth')	PATO:0000467	present		
140	Endolymphatic ducts exit into slot-shaped median fossa	0	absent	UBERON:0004704 and (BFO:0000050 some (BSPO:0000075 and (BFO:0000050 some (BSPO:0000079 and (BFO:0000050 some UBERON:0001703)))))	'bone fossa' and (part_of some ('central region' and (part_of some ('dorsal region' and (part_of some neurocranium)))))	PATO:0000052 and (PHENOSCAPE:complement_of some PATOTEMP:37a095ce-53fc-4746-80ff-f7ce2a70ffa4)	shape and (not some 'slot-shaped')		
140	Endolymphatic ducts exit into slot-shaped median fossa	0	absent	UBERON:0001860	'endolymphatic duct'	PATO:0000140 and (PHENOSCAPE:complement_of some PATOTEMP:93532faa-3257-4395-8d05-3ad8a817c343)	position and (not some 'passes through')	UBERON:0004704 and (BFO:0000050 some (BSPO:0000075 and (BFO:0000050 some (BSPO:0000079 and (BFO:0000050 some UBERON:0001703)))))	'bone fossa' and (part_of some ('central region' and (part_of some ('dorsal region' and (part_of some neurocranium)))))
140	Endolymphatic ducts exit into slot-shaped median fossa	1	present	UBERON:0004704 and (BFO:0000050 some (BSPO:0000075 and (BFO:0000050 some (BSPO:0000079 and (BFO:0000050 some UBERON:0001703)))))	'bone fossa' and (part_of some ('central region' and (part_of some ('dorsal region' and (part_of some neurocranium)))))	PATOTEMP:37a095ce-53fc-4746-80ff-f7ce2a70ffa4	'slot-shaped'		
140	Endolymphatic ducts exit into slot-shaped median fossa	1	present	UBERON:0001860	'endolymphatic duct'	PATOTEMP:93532faa-3257-4395-8d05-3ad8a817c343	'passes through'	UBERON:0004704 and (BFO:0000050 some (BSPO:0000075 and (BFO:0000050 some (BSPO:0000079 and (BFO:0000050 some UBERON:0001703)))))	'bone fossa' and (part_of some ('central region' and (part_of some ('dorsal region' and (part_of some neurocranium)))))
141	UG tract - Oviduct mucosal folds	0	throughout oviduct	UBERON:0018343	'oviduct mucosal fold'	PATOTEMP:ae31beca-4250-4216-a596-14036ab9f02a	'distributed throughout'	UBERON:0000993	oviduct
141	UG tract - Oviduct mucosal folds	1	only extramural oviduct	UBERON:0018343	'oviduct mucosal fold'	PATOTEMP:9d816e6d-d647-4a6a-83a4-6df7f4579052	'restricted to'	UBERON:0018319	'extramural oviduct'
142	Interpterygoid vacuity length	0	short; less than 15% of skull length	UBERON:0018330	'interpterygoid vacuity'	PATO:0000574	'decreased length'		
142	Interpterygoid vacuity length	1	absent	UBERON:0018330	'interpterygoid vacuity'	PATO:0000462	absent		
142	Interpterygoid vacuity length	2	long; at least 15% of skull length	UBERON:0018330	'interpterygoid vacuity'	PATO:0000573	'increased length'		
143	Foramen in ascending process of premaxilla	0	none	UBERON:2001577 and (BFO:0000051 some UBERON:0013685)	'premaxilla ascending process' and (has_part some 'foramen of skull')	PATO:0000462	absent		
143	Foramen in ascending process of premaxilla	1	present	UBERON:2001577 and (BFO:0000051 some UBERON:0013685)	'premaxilla ascending process' and (has_part some 'foramen of skull')	PATO:0000467	present		
144	Long filamentous extensions of the pelvic fins	0	absent	UBERON:0000152 and (BFO:0000053 some PATO:0001360)	'pelvic fin' and (bearer_of some filamentous)	PATO:0000462	absent		
144	Long filamentous extensions of the pelvic fins	1	present	UBERON:0000152 and (BFO:0000053 some PATO:0001360)	'pelvic fin' and (bearer_of some filamentous)	PATO:0000467	present		
145	Maxillary tooth crown shape	0	recurved	UBERON:0003675 and (BFO:0000050 some UBERON:0011593)	'tooth crown' and (part_of some 'maxillary tooth')	PATO:0002211	recurved		
145	Maxillary tooth crown shape	1	conical	UBERON:0003675 and (BFO:0000050 some UBERON:0011593)	'tooth crown' and (part_of some 'maxillary tooth')	PATO:0002021	conical		
145	Maxillary tooth crown shape	2	peg-like	UBERON:0003675 and (BFO:0000050 some UBERON:0011593)	'tooth crown' and (part_of some 'maxillary tooth')	PATO:0002535	'peg-like'		
145	Maxillary tooth crown shape	3	leaf-like	UBERON:0003675 and (BFO:0000050 some UBERON:0011593)	'tooth crown' and (part_of some 'maxillary tooth')	PATO:0002457	'leaf-like'		
146	Gill rakers on ceratobranchial of first gill arch (most rostral arch) protrude over medial ridge of arch	0	absent	UBERON:2000356 and (BFO:0000050 some UBERON:2001237) and (BFO:0000053 some PATO:0001598)	'gill raker' and (part_of some 'ceratobranchial 1 bone') and (bearer_of some protruding)	PATO:0000462	absent		
146	Gill rakers on ceratobranchial of first gill arch (most rostral arch) protrude over medial ridge of arch	1	present	UBERON:2000356 and (BFO:0000050 some UBERON:2001237) and (BFO:0000053 some PATO:0001598)	'gill raker' and (part_of some 'ceratobranchial 1 bone') and (bearer_of some protruding)	PATO:0000467	present		
147	Cephalic spines	0	absent	UBERON:0017621	'cephalic spine'	PATO:0000462	absent		
147	Cephalic spines	1	present	UBERON:0017621	'cephalic spine'	PATO:0000467	present		
148	dp5 number of roots on Ldp5	0	one	UBERON:0003677 and (BFO:0000050 some UBERON:0018281)	'tooth root' and (part_of some 'lower deciduous premolar 5')	PATOTEMP:499c1f37-c1fe-456a-86be-ce5f94a44782	single		
148	dp5 number of roots on Ldp5	1	incipient division of the root	UBERON:0003677 and (BFO:0000050 some UBERON:0018281)	'tooth root' and (part_of some 'lower deciduous premolar 5')	PATO:0001786	split		
148	dp5 number of roots on Ldp5	2	two or more	UBERON:0003677 and (BFO:0000050 some UBERON:0018281)	'tooth root' and (part_of some 'lower deciduous premolar 5')	PATO:0000402	branched		
149	Caeca:	0	absent	UBERON:0001153	caecum	PATO:0000462	absent		
149	Caeca:	1	present	UBERON:0001153	caecum	PATO:0000467	present		
150	Histology of adrenal tissue	0	generalized type 1 found in turtles and lissamphibians						
150	Histology of adrenal tissue	1	type 2 found in lepidosaurs						
150	Histology of adrenal tissue	2	type 3 found in birds and crocodiles						
150	Histology of adrenal tissue	3	type 4 found in mammals						
151	PCC Presence of a central cusp on a transverse ridge of the postcanine	0	absent	UBERON:0006844 and (BFO:0000050 some (UBERON:0016931 and (BFO:0000050 some UBERON:0013164)))	'cusp of tooth' and (part_of some ('transverse ridge of tooth' and (part_of some 'molariform tooth')))	PATO:0000462	absent		
151	PCC Presence of a central cusp on a transverse ridge of the postcanine	1	present	UBERON:0006844 and (BFO:0000050 some (UBERON:0016931 and (BFO:0000050 some UBERON:0013164)))	'cusp of tooth' and (part_of some ('transverse ridge of tooth' and (part_of some 'molariform tooth')))	PATO:0000467	present		
152	Development - Number of cotyledons	0	few (oligocotyldonary; 5-8 placentomes)	UBERON:0001987	placenta	PATOTEMP:2c9f9e29-141a-4967-aec3-202cf1773e52	oligocotyldonary		
152	Development - Number of cotyledons	1	many (polycotyledonary; 50-175 placentomes)	UBERON:0001987	placenta	PATOTEMP:a10fad4c-eac4-4098-b00a-2e1b9e449dba	polycotyledonary		
153	Male dorsal or ventral glands:	0	absent	UBERON:0012478 and (BFO:0000050 some UBERON:0003101)	'cloacal gland' and (part_of some 'male organism')	PATO:0000462	absent		
153	Male dorsal or ventral glands:	1	present	UBERON:0012478 and (BFO:0000050 some UBERON:0003101)	'cloacal gland' and (part_of some 'male organism')	PATO:0000467	present		
154	Lateral narial fenestrae	0	absent	UBERON:3000164	'fenestra lateralis nasi'	PATO:0000462	absent		
154	Lateral narial fenestrae	1	present	UBERON:3000164	'fenestra lateralis nasi'	PATO:0000467	present		
155	Angular	0	angular distinct from the prearticular	UBERON:0011079	'angular bone'	PATO:0000651	'unfused from'	UBERON:0011637	'prearticular bone'
155	Angular	1	no distinct angular (absent or fused to prearticular in adult)	UBERON:0011079	'angular bone'	PATO:0000462	absent		
155	Angular	1	no distinct angular (absent or fused to prearticular in adult)	UBERON:0011079	'angular bone'	PATO:0000642	'fused with'	UBERON:0011637	'prearticular bone'
156	Precerebral fontanelle	0	absent	UBERON:0018351	'precerebral fontanelle'	PATO:0000462	absent		
156	Precerebral fontanelle	1	present	UBERON:0018351	'precerebral fontanelle'	PATO:0000467	present		
157	MAN coronoid bone, presence	0	absent	UBERON:0011598	'coronoid bone'	PATO:0000462	absent		
157	MAN coronoid bone, presence	1	present	UBERON:0011598	'coronoid bone'	PATO:0000467	present		
158	Dorsal pelvic glands in males:	0	absent	UBERON:4300129	'dorsal pelvic gland'	PATO:0000462	absent		
158	Dorsal pelvic glands in males:	1	present	UBERON:4300129	'dorsal pelvic gland'	PATO:0000467	present		
159	Chest scales	0	covered in thick layer of skin	UBERON:0001868 and (BFO:0000053 some PATO:0000591)	'skin of chest' and (bearer_of some 'increased thickness')	PATO:0000467	present		
159	Chest scales	1	without thick skin	UBERON:0001868 and (BFO:0000053 some PATO:0000591)	'skin of chest' and (bearer_of some 'increased thickness')	PATO:0000462	absent		
160	Sensory pores ventral to orbit	0	highly branching (clumps of 5+ pores)	UBERON:0018357 and (BSPO:0000102 some UBERON:0001697)	'sensory pore' and (ventral_to some 'orbit of skull')	PATO:0002285	'increased branchiness'		
160	Sensory pores ventral to orbit	1	few branches	UBERON:0018357 and (BSPO:0000102 some UBERON:0001697)	'sensory pore' and (ventral_to some 'orbit of skull')	PATO:0002286	'decreased branchiness'		
161	Maximum standard length	0	Standard length 15 cm or more	UBERON:0000468	'multicellular organism'	PATO:0000573	'increased length'		
161	Maximum standard length	1	Standard length < 15 cm	UBERON:0000468	'multicellular organism'	PATO:0000574	'decreased length'		
162	Male cloacal folds:	0	absent	UBERON:3001003 and (BFO:0000050 some UBERON:0003101)	'cloacal fold' and (part_of some 'male organism')	PATO:0000462	absent		
162	Male cloacal folds:	1	present	UBERON:3001003 and (BFO:0000050 some UBERON:0003101)	'cloacal fold' and (part_of some 'male organism')	PATO:0000467	present		
163	Nuchal hump	0	present in all or some individuals	UBERON:0018342	'nuchal hump'	PATO:0000467	present		
163	Nuchal hump	1	absent	UBERON:0018342	'nuchal hump'	PATO:0000462	absent		
164	Prefrontal, contact with jugal (R80-24)	0	absent	UBERON:0010750	'prefrontal bone'	PATO:0001505	'separated from'	UBERON:0001683	'jugal bone'
164	Prefrontal, contact with jugal (R80-24)	1	present	UBERON:0010750	'prefrontal bone'	PATO:0001961	'in contact with'	UBERON:0001683	'jugal bone'
165	Mandible, proximal end small, with stout medial process and medial cotyla forming a narrow sulcus:	0	no	BSPO:0000077 and (BFO:0000050 some UBERON:0001684)	'proximal region' and (part_of some mandible)	PATO:0000117 and (PHENOSCAPE:complement_of some PATO:0000587)	size and (not some 'decreased size')		
165	Mandible, proximal end small, with stout medial process and medial cotyla forming a narrow sulcus:	0	no	UBERON:0004529 and (BFO:0000050 some (BSPO:0000083 and (BFO:0000050 some (BSPO:0000077 and (BFO:0000050 some UBERON:0001684)))))	'anatomical projection' and (part_of some ('medial region' and (part_of some ('proximal region' and (part_of some mandible)))))	PATO:0000915 and (PHENOSCAPE:complement_of some PATO:0000591)	thickness and (not some 'increased thickness')		
165	Mandible, proximal end small, with stout medial process and medial cotyla forming a narrow sulcus:	0	no	UBERON:0000093 and (BFO:0000050 some (BSPO:0000083 and (BFO:0000050 some (BSPO:0000077 and (BFO:0000050 some UBERON:0001684)))))	sulcus and (part_of some ('medial region' and (part_of some ('proximal region' and (part_of some mandible)))))	PATO:0000921 and (PHENOSCAPE:complement_of some PATO:0000599)	width and (not some 'decreased width')		
165	Mandible, proximal end small, with stout medial process and medial cotyla forming a narrow sulcus:	1	yes	BSPO:0000077 and (BFO:0000050 some UBERON:0001684)	'proximal region' and (part_of some mandible)	PATO:0000587	'decreased size'		
165	Mandible, proximal end small, with stout medial process and medial cotyla forming a narrow sulcus:	1	yes	UBERON:0004529 and (BFO:0000050 some (BSPO:0000083 and (BFO:0000050 some (BSPO:0000077 and (BFO:0000050 some UBERON:0001684)))))	'anatomical projection' and (part_of some ('medial region' and (part_of some ('proximal region' and (part_of some mandible)))))	PATO:0000591	'increased thickness'		
165	Mandible, proximal end small, with stout medial process and medial cotyla forming a narrow sulcus:	1	yes	UBERON:0000093 and (BFO:0000050 some (BSPO:0000083 and (BFO:0000050 some (BSPO:0000077 and (BFO:0000050 some UBERON:0001684)))))	sulcus and (part_of some ('medial region' and (part_of some ('proximal region' and (part_of some mandible)))))	PATO:0000599	'decreased width'		
166	Basilaris complex of inner ear	0	presence of both recessus basilaris	UBERON:0018663	'recessus basilaris'	PATO:0000467	present		
166	Basilaris complex of inner ear	0	presence of both recessus basilaris	UBERON:0013731	'basilar papilla'	PATO:0000467	present		
166	Basilaris complex of inner ear	1	loss of papillae	UBERON:0013731	'basilar papilla'	PATO:0000462	absent		
166	Basilaris complex of inner ear	2	loss of entire basilaris complex	UBERONTEMP:1d4e7a81-d385-4100-8f7c-5eee3b0adb52	'basilaris complex'	PATO:0000462	absent		
167	Second or single dorsal fin opposite pelvis	0	absent	UBERON:0003097	'dorsal fin'	PATO:0000140 and (PHENOSCAPE:complement_of some PATOTEMP:b65b4440-adac-459d-a9ec-dd491662621e)	position and (not some 'aligned vertically with')	UBERON:0002355	pelvis
167	Second or single dorsal fin opposite pelvis	1	present	UBERON:0003097	'dorsal fin'	PATOTEMP:b65b4440-adac-459d-a9ec-dd491662621e	'aligned vertically with'	UBERON:0002355	pelvis
168	Atlas, opening for odontoid process:	0	dorsally open incisura fossa	UBERON:0018328	'incisura fossa'	PATO:0000610	open		
168	Atlas, opening for odontoid process:	1	enclosed foramen	UBERON:0018328	'incisura fossa'	PATO:0000608	closed		
169	RPL maxilla, palatal process, suture with lateral border of palatine, orientation	0	oblique, posterolateral to anteromedial	UBERON:4200215 and (RO:0002176 some UBERON:0005871) and (RO:0002176 some (BSPO:0000682 and (BFO:0000050 some UBERON:0001682)))	suture and (connects some 'palatine process of maxilla') and (connects some ('lateral margin' and (part_of some 'palatine bone')))	PATO:0002481	'oblique orientation'		
169	RPL maxilla, palatal process, suture with lateral border of palatine, orientation	1	parasagittal	UBERON:4200215 and (RO:0002176 some UBERON:0005871) and (RO:0002176 some (BSPO:0000682 and (BFO:0000050 some UBERON:0001682)))	suture and (connects some 'palatine process of maxilla') and (connects some ('lateral margin' and (part_of some 'palatine bone')))	PATO:0005023	'parasagittal orientation'		
170	Vertebrae, centrum morphology (KL87-1)	0	amphiplatyan	UBERON:0001075	'vertebral centrum'	UBERONTEMP:c40bc8cf-9f68-4f86-a198-ed27473ba6f1	amphiplatyan		
170	Vertebrae, centrum morphology (KL87-1)	1	amphicoelous	UBERON:0001075	'vertebral centrum'	UBERON:3000717	amphicoelous		
170	Vertebrae, centrum morphology (KL87-1)	2	procoelous	UBERON:0001075	'vertebral centrum'	UBERON:3000711	procoelous		
171	Pelvis, posterior portion, juncture of the ilium and the ischium, posteriorly directed point:	0	present	UBERON:0004529 and (BFO:0000050 some (BSPO:0000072 and (BFO:0000050 some UBERON:0002355)))	'anatomical projection' and (part_of some ('posterior region' and (part_of some pelvis)))	PATOTEMP:d6bdbb19-8950-4dfd-af6f-2794c50b1c02	'posteriorly directed'		
171	Pelvis, posterior portion, juncture of the ilium and the ischium, posteriorly directed point:	1	absent	UBERON:0004529 and (BFO:0000050 some (BSPO:0000072 and (BFO:0000050 some UBERON:0002355)))	'anatomical projection' and (part_of some ('posterior region' and (part_of some pelvis)))	PATO:0000462	absent		
172	Maxilla, posterior termination:	0	continuous with the jugal bar	BSPO:0000072 and (BFO:0000050 some UBERON:0002397)	'posterior region' and (part_of some maxilla)	PATO:0005011	'continuous with'	UBERON:0018332	'jugal bar'
172	Maxilla, posterior termination:	1	extends laterally and posteriorly to the contact jugal bar (=angulus tomialis)	BSPO:0000072 and (BFO:0000050 some UBERON:0002397)	'posterior region' and (part_of some maxilla)	PATO:0002503	'posterolateral orientation'		
172	Maxilla, posterior termination:	1	extends laterally and posteriorly to the contact jugal bar (=angulus tomialis)	BSPO:0000072 and (BFO:0000050 some UBERON:0002397)	'posterior region' and (part_of some maxilla)	PATO:0001961	'in contact with'	UBERON:0018332	'jugal bar'
173	Coracoid, supracoracoid nerve foramen:	0	present	UBERONTEMP:8bd39461-7e48-428f-8f19-fa2700bc3796	'supracoracoid nerve foramen'	PATO:0000467	present		
173	Coracoid, supracoracoid nerve foramen:	1	absent	UBERONTEMP:8bd39461-7e48-428f-8f19-fa2700bc3796	'supracoracoid nerve foramen'	PATO:0000462	absent		
174	Mammae - Nipple presence	0	absent	UBERON:0002030	nipple	PATO:0000462	absent		
174	Mammae - Nipple presence	1	present	UBERON:0002030	nipple	PATO:0000467	present		
175	Palatoquadrate otic process expanded with an anterodorsal angle	0	absent	UBERON:3000365	'otic process'	PATO:0000117 and (PHENOSCAPE:complement_of some PATO:0000586)	size and (not some 'increased size')		
175	Palatoquadrate otic process expanded with an anterodorsal angle	0	absent	UBERON:3000365 and (BFO:0000053 some PATOTEMP:16d43756-56ce-46c0-97b3-cb9e097f6029)	'otic process' and (bearer_of some 'anterodorsal angle')	PATO:0000462	absent		
175	Palatoquadrate otic process expanded with an anterodorsal angle	1	present	UBERON:3000365	'otic process'	PATO:0000586	'increased size'		
175	Palatoquadrate otic process expanded with an anterodorsal angle	1	present	UBERON:3000365 and (BFO:0000053 some PATOTEMP:16d43756-56ce-46c0-97b3-cb9e097f6029)	'otic process' and (bearer_of some 'anterodorsal angle')	PATO:0000467	present		
176	Number of scale rows between upper and lower lateral line	0	more than 2 rows of scales	UBERON:4300006 and (BSPO:0000102 some UBERON:0018369) and (BSPO:0000098 some UBERONTEMP:015ccec7-d8bf-4040-aeb9-92d828def752)	'scale row' and (ventral_to some 'upper lateral line') and (dorsal_to some 'lower lateral line')	PATO:0000470	'present in greater numbers in organism'		
176	Number of scale rows between upper and lower lateral line	1	2 or fewer	UBERON:4300006 and (BSPO:0000102 some UBERON:0018369) and (BSPO:0000098 some UBERONTEMP:015ccec7-d8bf-4040-aeb9-92d828def752)	'scale row' and (ventral_to some 'upper lateral line') and (dorsal_to some 'lower lateral line')	PATO:0001997	'present in fewer numbers in organism'		
177	Caniniform region	0	present	UBERON:0018273	'caniniform region'	PATO:0000467	present		
177	Caniniform region	1	absent	UBERON:0018273	'caniniform region'	PATO:0000462	absent		
178	Parietal, lateral flange at the frontoparietal suture (nov.)	0	gently curved, laterally tapering	UBERON:0004530 and (BFO:0000050 some (BSPO:0000066 and (BFO:0000050 some (BSPO:0000071 and (BFO:0000050 some UBERON:0000210)))))	'bony projection' and (part_of some ('lateral side' and (part_of some ('anterior region' and (part_of some 'tetrapod parietal bone')))))	PATOTEMP:063e55fe-434e-4c02-8a33-b8ee6ce48f56	'gently curved'		
178	Parietal, lateral flange at the frontoparietal suture (nov.)	0	gently curved, laterally tapering	UBERON:0004530 and (BFO:0000050 some (BSPO:0000066 and (BFO:0000050 some (BSPO:0000071 and (BFO:0000050 some UBERON:0000210)))))	'bony projection' and (part_of some ('lateral side' and (part_of some ('anterior region' and (part_of some 'tetrapod parietal bone')))))	PATO:0001500	tapered		
178	Parietal, lateral flange at the frontoparietal suture (nov.)	1	with broad, squared, lateral tabs such that the postfrontal margin of the frontal is parallel with the postfrontal margin of the parietal	UBERON:0004530 and (BFO:0000050 some (BSPO:0000066 and (BFO:0000050 some (BSPO:0000071 and (BFO:0000050 some UBERON:0000210)))))	'bony projection' and (part_of some ('lateral side' and (part_of some ('anterior region' and (part_of some 'tetrapod parietal bone')))))	PATO:0002359	broad		
179	M1 posteroloph presence on UM1	0	absent (postcingulum not developed into a loph)	UBERON:0018286	'molar 1 posteroloph'	PATO:0000462	absent		
179	M1 posteroloph presence on UM1	1	present (postcingulum is developed into a loph)	UBERON:0018286	'molar 1 posteroloph'	PATO:0000467	present		
180	Suborbital foramen	0	absent	UBERON:0018360	'suborbital foramen'	PATO:0000462	absent		
180	Suborbital foramen	1	small	UBERON:0018360	'suborbital foramen'	PATO:0000587	'decreased size'		
180	Suborbital foramen	2	large (fenestra present)	UBERON:0018360	'suborbital foramen'	PATO:0000586	'increased size'		
181	dP5 preprotocrista orientation on UdP5	0	oriented toward the precingulum, parastyle, or stylocone	UBERON:0018295 and (BFO:0000050 some UBERON:0018301)	preprotocrista and (part_of some 'upper deciduous premolar 5')	PATO:0002448	'oriented towards'	UBERON:0018293 or UBERON:0018344 or UBERON:0018298	precingulum or parastyle or stylocone
181	dP5 preprotocrista orientation on UdP5	1	oriented toward the mesial aspect of the paracone	UBERON:0018295 and (BFO:0000050 some UBERON:0018301)	preprotocrista and (part_of some 'upper deciduous premolar 5')	PATO:0002448	'oriented towards'	BSPOTEMP:659dc02e-cee1-49ee-96db-fd1988ce4f99 and (BFO:0000050 some UBERON:0018288)	'mesial region' and (part_of some paracone)
181	dP5 preprotocrista orientation on UdP5	2	oriented toward the apex of the paracone	UBERON:0018295 and (BFO:0000050 some UBERON:0018301)	preprotocrista and (part_of some 'upper deciduous premolar 5')	PATO:0002448	'oriented towards'	UBERON:0018272	'apex of paracone'
182	Atlantal spinal nerve foramen	0	absent	UBERONTEMP:4fd613b3-3fd4-422e-a2f7-d7a2cde79d60	'atlantal spinal nerve foramen'	PATO:0000462	absent		
182	Atlantal spinal nerve foramen	1	notch	UBERONTEMP:4fd613b3-3fd4-422e-a2f7-d7a2cde79d60	'atlantal spinal nerve foramen'	PATO:0001495	notched		
182	Atlantal spinal nerve foramen	2	fully enclosed	UBERONTEMP:4fd613b3-3fd4-422e-a2f7-d7a2cde79d60	'atlantal spinal nerve foramen'	PATO:0005012	'complete structure'		
183	Lateral commissure expanded anteroposteriorly	0	absent	UBERON:4300134 and (BFO:0000053 some PATOTEMP:b415c39d-99b0-4745-a81d-ede3cfe8e963)	'lateral commissure' and (bearer_of some 'anteroposteriorly expanded')	PATO:0000462	absent		
183	Lateral commissure expanded anteroposteriorly	1	present	UBERON:4300134 and (BFO:0000053 some PATOTEMP:b415c39d-99b0-4745-a81d-ede3cfe8e963)	'lateral commissure' and (bearer_of some 'anteroposteriorly expanded')	PATO:0000467	present		
184	MAN dentary, body, inferior edge, shape in lateral view	0	straight	BSPOTEMP:aede1f44-ef1c-477d-b5aa-b5fb9a9f2b15 and (BFO:0000050 some UBERON:0004742)	'inferior margin' and (part_of some dentary)	PATO:0002180	straight		
184	MAN dentary, body, inferior edge, shape in lateral view	1	concave	BSPOTEMP:aede1f44-ef1c-477d-b5aa-b5fb9a9f2b15 and (BFO:0000050 some UBERON:0004742)	'inferior margin' and (part_of some dentary)	PATO:0001857	concave		
184	MAN dentary, body, inferior edge, shape in lateral view	2	convex	BSPOTEMP:aede1f44-ef1c-477d-b5aa-b5fb9a9f2b15 and (BFO:0000050 some UBERON:0004742)	'inferior margin' and (part_of some dentary)	PATO:0001355	convex		
184	MAN dentary, body, inferior edge, shape in lateral view	3	concavoconvex	BSPOTEMP:aede1f44-ef1c-477d-b5aa-b5fb9a9f2b15 and (BFO:0000050 some UBERON:0004742)	'inferior margin' and (part_of some dentary)	PATO:0002538	'concavo-convex'		
185	Frontals, subolfactory processes contact at midline (E10)	0	absent	UBERON:0018359	'subolfactory process'	PATO:0001505	'separated from'	UBERON:0018359	'subolfactory process'
185	Frontals, subolfactory processes contact at midline (E10)	1	present	UBERON:0018359	'subolfactory process'	PATO:0001961	'in contact with'	UBERON:0018359	'subolfactory process'
186	Dermal sculpture on skull roof	0	present, coarse, pitted	UBERON:0004339	'vault of skull'	PATO:0002433	'sculpted surface'		
186	Dermal sculpture on skull roof	0	present, coarse, pitted	UBERON:0004339	'vault of skull'	PATOTEMP:6734e62a-dd4a-43cc-8e59-c6ac7280e12c	pitted		
186	Dermal sculpture on skull roof	1	present, weak	UBERON:0004339	'vault of skull'	PATOTEMP:61fccf20-f648-4108-b17e-4c330b909458	'weakly sculpted surface'		
186	Dermal sculpture on skull roof	2	absent	UBERON:0004339	'vault of skull'	PATO:0001925 and (PHENOSCAPE:complement_of some PATO:0002433)	'surface feature shape' and (not some 'sculpted surface')		
186	Dermal sculpture on skull roof	3	present, coarse, tubercules and ridges (NEW)	UBERON:0004339	'vault of skull'	PATO:0002433	'sculpted surface'		
186	Dermal sculpture on skull roof	3	present, coarse, tubercules and ridges (NEW)	UBERON:0004339	'vault of skull'	PATO:0002358	ridged		
187	Second and third phalanx of fourth toe greatly abbreviated, measuring less than half the length of the fourth phalanx:	0	no	UBERONTEMP:3284c377-3cb0-42d5-be7e-a82623ff323a	'phalanx 2 of pedal digit 4'	PATO:0000122 and (PHENOSCAPE:complement_of some (PATO:0000122 and (PATO:0002304 some (PATO:0000122 and (BFO:0000052 some UBERONTEMP:e635c186-8d95-4cf0-a849-cd91419e864b)))))	length and (not some (length and (decreased_in_magnitude_relative_to some (length and (inheres_in some 'phalanx 4 of pedal digit 4')))))		
187	Second and third phalanx of fourth toe greatly abbreviated, measuring less than half the length of the fourth phalanx:	0	no	UBERONTEMP:683c301c-fd17-4bc2-9a58-aacf82c24aee	'phalanx 3 of pedal digit 4'	PATO:0000122 and (PHENOSCAPE:complement_of some (PATO:0000122 and (PATO:0002304 some (PATO:0000122 and (BFO:0000052 some UBERONTEMP:e635c186-8d95-4cf0-a849-cd91419e864b)))))	length and (not some (length and (decreased_in_magnitude_relative_to some (length and (inheres_in some 'phalanx 4 of pedal digit 4')))))		
187	Second and third phalanx of fourth toe greatly abbreviated, measuring less than half the length of the fourth phalanx:	1	yes	UBERONTEMP:3284c377-3cb0-42d5-be7e-a82623ff323a	'phalanx 2 of pedal digit 4'	PATO:0000122 and (PATO:0002304 some (PATO:0000122 and (BFO:0000052 some UBERONTEMP:e635c186-8d95-4cf0-a849-cd91419e864b)))	length and (decreased_in_magnitude_relative_to some (length and (inheres_in some 'phalanx 4 of pedal digit 4')))		
187	Second and third phalanx of fourth toe greatly abbreviated, measuring less than half the length of the fourth phalanx:	1	yes	UBERONTEMP:683c301c-fd17-4bc2-9a58-aacf82c24aee	'phalanx 3 of pedal digit 4'	PATO:0000122 and (PATO:0002304 some (PATO:0000122 and (BFO:0000052 some UBERONTEMP:e635c186-8d95-4cf0-a849-cd91419e864b)))	length and (decreased_in_magnitude_relative_to some (length and (inheres_in some 'phalanx 4 of pedal digit 4')))		
188	Calcaneal tuber	0	absent	UBERON:4200018	'calcaneal tuber'	PATO:0000462	absent		
188	Calcaneal tuber	1	laterally directed	UBERON:4200018	'calcaneal tuber'	PATOTEMP:4cd5d463-bbe6-44ed-aacf-a77869cfb03a	'laterally directed'		
188	Calcaneal tuber	2	posteriorly directed	UBERON:4200018	'calcaneal tuber'	PATOTEMP:d6bdbb19-8950-4dfd-af6f-2794c50b1c02	'posteriorly directed'		
189	UG tract - Scrotum position relative to penis	0	scrotum directly adjacent to penis, no gap between them	UBERON:0001300	scrotum	PATO:0001961	'in contact with'	UBERON:0000989	penis
189	UG tract - Scrotum position relative to penis	1	scrotum separated from penis by a distinct gap	UBERON:0001300	scrotum	PATO:0001505	'separated from'	UBERON:0000989	penis
190	Squamation, cephalic scales (E147/Meszo70)	0	absent	UBERONTEMP:94f0b1bc-80a4-4342-8b3b-c101c07a8f6d	'cephalic scale'	PATO:0000462	absent		
190	Squamation, cephalic scales (E147/Meszo70)	1	small and irregularly shaped	UBERONTEMP:94f0b1bc-80a4-4342-8b3b-c101c07a8f6d	'cephalic scale'	PATO:0000587	'decreased size'		
190	Squamation, cephalic scales (E147/Meszo70)	1	small and irregularly shaped	UBERONTEMP:94f0b1bc-80a4-4342-8b3b-c101c07a8f6d	'cephalic scale'	PATO:0005020	'irregularly shaped'		
190	Squamation, cephalic scales (E147/Meszo70)	2	enlarged plates	UBERONTEMP:94f0b1bc-80a4-4342-8b3b-c101c07a8f6d	'cephalic scale'	PATO:0000586	'increased size'		
191	Ring or C-shaped scales enclosing sensory canals	0	absent	UBERON:0002542 and (RO:0002221 some UBERON:2001612)	scale and (surrounds some 'sensory canal')	PATO:0000462	absent		
191	Ring or C-shaped scales enclosing sensory canals	1	present	UBERON:0002542 and (RO:0002221 some UBERON:2001612)	scale and (surrounds some 'sensory canal')	PATO:0000467	present		
192	I2 distinctiveness of UI2 crown from root	0	not differentiated from root	UBERON:0003675 and (BFO:0000050 some UBERON:0018604)	'tooth crown' and (part_of some 'upper lateral incisor tooth')	PATO:0000051 and (PHENOSCAPE:complement_of some PATO:0005006)	morphology and (not some 'differentiated from')	UBERON:0003677 and (BFO:0000050 some UBERON:0018604)	'tooth root' and (part_of some 'upper lateral incisor tooth')
192	I2 distinctiveness of UI2 crown from root	1	distinct from root	UBERON:0003675 and (BFO:0000050 some UBERON:0018604)	'tooth crown' and (part_of some 'upper lateral incisor tooth')	PATO:0005006	'differentiated from'	UBERON:0003677 and (BFO:0000050 some UBERON:0018604)	'tooth root' and (part_of some 'upper lateral incisor tooth')
193	Palatine, strongly protruding posterolaterally directed processes (Mayr 2002: fig. 3):	0	absent	UBERON:0004529 and (BFO:0000050 some (BSPO:0000082 and (BFO:0000050 some (BSPO:0000072 and (BFO:0000050 some UBERON:0001682)))))	'anatomical projection' and (part_of some ('lateral region' and (part_of some ('posterior region' and (part_of some 'palatine bone')))))	PATO:0000462	absent		
193	Palatine, strongly protruding posterolaterally directed processes (Mayr 2002: fig. 3):	1	present	UBERON:0004529 and (BFO:0000050 some (BSPO:0000082 and (BFO:0000050 some (BSPO:0000072 and (BFO:0000050 some UBERON:0001682)))))	'anatomical projection' and (part_of some ('lateral region' and (part_of some ('posterior region' and (part_of some 'palatine bone')))))	PATO:0001482	prominent		
193	Palatine, strongly protruding posterolaterally directed processes (Mayr 2002: fig. 3):	1	present	UBERON:0004529 and (BFO:0000050 some (BSPO:0000082 and (BFO:0000050 some (BSPO:0000072 and (BFO:0000050 some UBERON:0001682)))))	'anatomical projection' and (part_of some ('lateral region' and (part_of some ('posterior region' and (part_of some 'palatine bone')))))	PATO:0002503	'posterolateral orientation'		
194	Ciliated epithelium of female cloaca:	0	present	UBERON:0007601 and (BFO:0000050 some (UBERON:0000162 and (BFO:0000050 some UBERON:0003100)))	'ciliated epithelium' and (part_of some (cloaca and (part_of some 'female organism')))	PATO:0000467	present		
194	Ciliated epithelium of female cloaca:	1	absent	UBERON:0007601 and (BFO:0000050 some (UBERON:0000162 and (BFO:0000050 some UBERON:0003100)))	'ciliated epithelium' and (part_of some (cloaca and (part_of some 'female organism')))	PATO:0000462	absent		
195	Sclerotic ossicles:	0	small, average size	UBERON:0010290	'scleral ossicle'	PATO:0000117 and (PHENOSCAPE:complement_of some PATO:0000586)	size and (not some 'increased size')		
195	Sclerotic ossicles:	1	greatly enlarged	UBERON:0010290	'scleral ossicle'	PATO:0000586	'increased size'		
196	Frontal/maxillary contact:	0	frontal and maxilla separated by prefrontal	UBERON:0000209	'tetrapod frontal bone'	PATO:0001505	'separated from'	UBERONTEMP:f8c897f0-4f0d-4814-8e4c-b6ec037a6ba6	'dorsal process of maxilla'
196	Frontal/maxillary contact:	1	frontal contacts dorsal process of maxilla	UBERON:0000209	'tetrapod frontal bone'	PATO:0001961	'in contact with'	UBERONTEMP:f8c897f0-4f0d-4814-8e4c-b6ec037a6ba6	'dorsal process of maxilla'
196	Frontal/maxillary contact:	2	contact absent because of loss of maxilla	UBERON:0002397	maxilla	PATO:0000462	absent		
197	Pedal phalanges, Digit III, flexor sesamoid at the metatarsal-proximal phalangeal joint, presence	0	absent	UBERON:0018320 and (RO:0002220 some UBERON:0007756)	'flexor sesamoid' and (adjacent_to some 'metatarsophalangeal joint of pedal digit 3')	PATO:0000462	absent		
197	Pedal phalanges, Digit III, flexor sesamoid at the metatarsal-proximal phalangeal joint, presence	1	present	UBERON:0018320 and (RO:0002220 some UBERON:0007756)	'flexor sesamoid' and (adjacent_to some 'metatarsophalangeal joint of pedal digit 3')	PATO:0000467	present		
198	Cheek scales covered in thick skin i.e., skin is so thick that scales cannot be counted without removing the skin	0	absent	UBERON:0008803 and (BFO:0000053 some PATO:0000591)	'skin of cheek' and (bearer_of some 'increased thickness')	PATO:0000462	absent		
198	Cheek scales covered in thick skin i.e., skin is so thick that scales cannot be counted without removing the skin	1	present	UBERON:0008803 and (BFO:0000053 some PATO:0000591)	'skin of cheek' and (bearer_of some 'increased thickness')	PATO:0000467	present		
199	m3 paracristid orientation on Lm3	0	paracristid winds and curves lingually	UBERON:0018289 and (BFO:0000050 some UBERON:0018580)	paracristid and (part_of some 'lower third secondary molar tooth')	PATO:0005019	'curved lingually'		
199	m3 paracristid orientation on Lm3	1	paracristid straight mesiodistally	UBERON:0018289 and (BFO:0000050 some UBERON:0018580)	paracristid and (part_of some 'lower third secondary molar tooth')	PATOTEMP:41c01dfb-58d6-496f-ba30-1dd765dac4a4	'straight mesiodistally'		
200	p2 degree of hypsodonty of Lp2 VAR	0	brachydont (HI less than 1.0)	UBERON:0003675 and (BFO:0000050 some UBERON:0018285)	'tooth crown' and (part_of some 'lower premolar 2')	PATO:0005008	brachydont		
200	p2 degree of hypsodonty of Lp2 VAR	1	hypsodont (HI more than 1.0)	UBERON:0003675 and (BFO:0000050 some UBERON:0018285)	'tooth crown' and (part_of some 'lower premolar 2')	PATO:0005007	hypsodont		
201	Egg teeth (Egek19)	0	single	UBERON:0018276	'egg tooth'	PATOTEMP:499c1f37-c1fe-456a-86be-ce5f94a44782	single		
201	Egg teeth (Egek19)	1	double	UBERON:0018276	'egg tooth'	PATOTEMP:90107b2b-e954-4469-8e9f-f19a5c6eb557	paired		
201	Egg teeth (Egek19)	2	absent	UBERON:0018276	'egg tooth'	PATO:0000462	absent		
202	Prootic/parietal contact	0	absent	UBERON:0004746	'prootic bone'	PATO:0001505	'separated from'	UBERON:0000210	'tetrapod parietal bone'
202	Prootic/parietal contact	1	present	UBERON:0004746	'prootic bone'	PATO:0001961	'in contact with'	UBERON:0000210	'tetrapod parietal bone'
203	Fusion of distal carpal 1 + 2	0	fusion absent	UBERON:0001430	'distal carpal bone 1'	PATO:0000651	'unfused from'	UBERON:0001431	'distal carpal bone 2'
203	Fusion of distal carpal 1 + 2	1	present	UBERON:0001430	'distal carpal bone 1'	PATO:0000642	'fused with'	UBERON:0001431	'distal carpal bone 2'
